when,time
3/5/2019 8:42,15
3/5/2019 8:42,15
3/5/2019 8:42,0
3/5/2019 8:42,15
3/5/2019 8:42,15
3/5/2019 8:42,15
3/5/2019 8:42,15
3/5/2019 8:42,15
3/5/2019 8:42,15
3/5/2019 8:43,31
3/5/2019 8:43,15
3/5/2019 8:43,124
3/5/2019 8:43,140
3/5/2019 8:43,46
3/5/2019 8:43,15
3/5/2019 8:43,15
3/5/2019 8:43,31
3/5/2019 8:43,0
3/5/2019 8:44,15
3/5/2019 8:44,78
3/5/2019 8:56,15
3/5/2019 8:56,15
3/5/2019 8:56,0
3/5/2019 8:56,46
3/5/2019 8:56,0
3/5/2019 8:56,0
3/5/2019 9:03,0
3/5/2019 9:03,0
3/5/2019 9:03,15
3/5/2019 9:03,15
3/5/2019 9:03,0
3/5/2019 9:04,31
3/5/2019 9:06,46
3/5/2019 9:06,15
3/5/2019 9:06,0
3/5/2019 9:06,62
3/5/2019 9:06,15
3/5/2019 9:06,78
3/5/2019 9:06,46
3/5/2019 9:07,15
3/5/2019 9:07,62
3/5/2019 9:07,15
3/5/2019 9:07,0
3/5/2019 9:07,15
3/5/2019 9:07,15
3/5/2019 9:07,31
3/5/2019 9:07,62
3/5/2019 9:07,0
3/5/2019 9:07,15
3/5/2019 9:07,15
3/5/2019 9:07,62
3/5/2019 9:08,15
3/5/2019 9:08,31
3/5/2019 9:08,15
3/5/2019 9:08,31
3/5/2019 9:08,15
3/5/2019 9:08,46
3/5/2019 9:08,0
3/5/2019 9:08,0
3/5/2019 9:08,0
3/5/2019 9:08,31
3/5/2019 9:08,15
3/5/2019 9:10,15
3/5/2019 9:10,15
3/5/2019 9:10,15
3/5/2019 9:10,15
3/5/2019 9:10,15
3/5/2019 9:10,0
3/5/2019 9:10,0
3/5/2019 9:10,31
3/5/2019 9:10,31
3/5/2019 9:10,15
3/5/2019 9:10,0
3/5/2019 9:10,62
3/5/2019 9:10,15
3/5/2019 9:10,78
3/5/2019 9:10,31
3/5/2019 9:10,31
3/5/2019 9:11,0
3/5/2019 9:11,0
3/5/2019 9:11,46
3/5/2019 9:11,15
3/5/2019 9:11,15
3/5/2019 9:11,15
3/5/2019 9:11,0
3/5/2019 9:11,15
3/5/2019 9:12,15
3/5/2019 9:12,15
3/5/2019 9:13,31
3/5/2019 9:14,31
3/5/2019 9:14,125
3/5/2019 9:15,15
3/5/2019 9:15,62
3/5/2019 9:16,62
3/5/2019 9:16,46
3/5/2019 9:16,0
3/5/2019 9:16,15
3/5/2019 9:16,62
3/5/2019 9:16,0
3/5/2019 9:17,15
3/5/2019 9:17,31
3/5/2019 9:17,15
3/5/2019 9:17,62
3/5/2019 9:17,31
3/5/2019 9:17,1421
3/5/2019 9:17,109
3/5/2019 9:18,109
3/5/2019 9:18,0
3/5/2019 9:18,15
3/5/2019 9:18,15
3/5/2019 9:18,15
3/5/2019 9:18,15
3/5/2019 9:18,0
3/5/2019 9:18,31
3/5/2019 9:19,484
3/5/2019 9:19,953
3/5/2019 9:19,640
3/5/2019 9:19,15
3/5/2019 9:19,15
3/5/2019 9:19,15
3/5/2019 9:19,0
3/5/2019 9:19,0
3/5/2019 9:19,0
3/5/2019 9:19,15
3/5/2019 9:20,0
3/5/2019 9:20,0
3/5/2019 9:20,0
3/5/2019 9:20,15
3/5/2019 9:20,15
3/5/2019 9:20,15
3/5/2019 9:20,15
3/5/2019 9:20,15
3/5/2019 9:20,0
3/5/2019 9:20,15
3/5/2019 9:20,0
3/5/2019 9:20,15
3/5/2019 9:20,0
3/5/2019 9:20,15
3/5/2019 9:20,15
3/5/2019 9:20,15
3/5/2019 9:20,0
3/5/2019 9:21,15
3/5/2019 9:21,31
3/5/2019 9:22,15
3/5/2019 9:22,203
3/5/2019 9:23,15
3/5/2019 9:23,15
3/5/2019 9:23,15
3/5/2019 9:23,0
3/5/2019 9:23,15
3/5/2019 9:23,15
3/5/2019 9:24,109
3/5/2019 9:24,109
3/5/2019 9:24,15
3/5/2019 9:24,0
3/5/2019 9:24,0
3/5/2019 9:24,15
3/5/2019 9:25,156
3/5/2019 9:25,15
3/5/2019 9:26,15
3/5/2019 9:26,15
3/5/2019 9:26,15
3/5/2019 9:26,15
3/5/2019 9:26,15
3/5/2019 9:26,15
3/5/2019 9:26,0
3/5/2019 9:27,15
3/5/2019 9:27,15
3/5/2019 9:28,0
3/5/2019 9:28,0
3/5/2019 9:29,15
3/5/2019 9:29,15
3/5/2019 9:30,15
3/5/2019 9:30,31
3/5/2019 9:30,0
3/5/2019 9:30,15
3/5/2019 9:30,15
3/5/2019 9:30,15
3/5/2019 9:30,0
3/5/2019 9:30,15
3/5/2019 9:30,0
3/5/2019 9:30,0
3/5/2019 9:30,0
3/5/2019 9:30,15
3/5/2019 9:31,109
3/5/2019 9:31,31
3/5/2019 9:31,15
3/5/2019 9:31,15
3/5/2019 9:31,15
3/5/2019 9:31,15
3/5/2019 9:31,15
3/5/2019 9:31,15
3/5/2019 9:31,15
3/5/2019 9:31,15
3/5/2019 9:31,0
3/5/2019 9:31,15
3/5/2019 9:31,15
3/5/2019 9:31,15
3/5/2019 9:32,15
3/5/2019 9:32,15
3/5/2019 9:32,15
3/5/2019 9:32,15
3/5/2019 9:32,109
3/5/2019 9:32,156
3/5/2019 9:32,15
3/5/2019 9:32,0
3/5/2019 9:33,0
3/5/2019 9:33,15
3/5/2019 9:33,15
3/5/2019 9:33,15
3/5/2019 9:33,0
3/5/2019 9:33,15
3/5/2019 9:33,0
3/5/2019 9:33,0
3/5/2019 9:33,15
3/5/2019 9:33,15
3/5/2019 9:33,15
3/5/2019 9:33,15
3/5/2019 9:33,31
3/5/2019 9:33,15
3/5/2019 9:33,31
3/5/2019 9:34,124
3/5/2019 9:34,109
3/5/2019 9:34,15
3/5/2019 9:34,31
3/5/2019 9:34,15
3/5/2019 9:34,109
3/5/2019 9:34,109
3/5/2019 9:34,0
3/5/2019 9:34,15
3/5/2019 9:34,15
3/5/2019 9:34,15
3/5/2019 9:34,15
3/5/2019 9:34,0
3/5/2019 9:34,15
3/5/2019 9:34,15
3/5/2019 9:34,0
3/5/2019 9:34,15
3/5/2019 9:34,15
3/5/2019 9:34,15
3/5/2019 9:34,78
3/5/2019 9:34,15
3/5/2019 9:34,31
3/5/2019 9:34,31
3/5/2019 9:34,15
3/5/2019 9:34,15
3/5/2019 9:34,15
3/5/2019 9:34,15
3/5/2019 9:35,0
3/5/2019 9:35,0
3/5/2019 9:35,15
3/5/2019 9:35,15
3/5/2019 9:35,0
3/5/2019 9:35,15
3/5/2019 9:35,15
3/5/2019 9:36,15
3/5/2019 9:36,31
3/5/2019 9:36,15
3/5/2019 9:36,15
3/5/2019 9:36,15
3/5/2019 9:36,31
3/5/2019 9:36,15
3/5/2019 9:36,0
3/5/2019 9:36,15
3/5/2019 9:36,0
3/5/2019 9:36,15
3/5/2019 9:37,15
3/5/2019 9:37,15
3/5/2019 9:37,93
3/5/2019 9:37,109
3/5/2019 9:37,31
3/5/2019 9:37,15
3/5/2019 9:37,15
3/5/2019 9:37,15
3/5/2019 9:38,15
3/5/2019 9:38,15
3/5/2019 9:38,15
3/5/2019 9:38,0
3/5/2019 9:38,0
3/5/2019 9:38,15
3/5/2019 9:38,0
3/5/2019 9:38,15
3/5/2019 9:38,15
3/5/2019 9:38,0
3/5/2019 9:38,0
3/5/2019 9:39,0
3/5/2019 9:39,15
3/5/2019 9:39,15
3/5/2019 9:39,15
3/5/2019 9:39,15
3/5/2019 9:39,15
3/5/2019 9:39,0
3/5/2019 9:39,0
3/5/2019 9:39,15
3/5/2019 9:39,0
3/5/2019 9:39,15
3/5/2019 9:39,15
3/5/2019 9:39,15
3/5/2019 9:40,15
3/5/2019 9:40,15
3/5/2019 9:40,0
3/5/2019 9:40,62
3/5/2019 9:40,15
3/5/2019 9:40,15
3/5/2019 9:40,0
3/5/2019 9:40,0
3/5/2019 9:43,15
3/5/2019 9:43,15
3/5/2019 9:45,15
3/5/2019 9:45,15
3/5/2019 9:45,15
3/5/2019 9:45,0
3/5/2019 9:45,31
3/5/2019 9:45,15
3/5/2019 9:45,15
3/5/2019 9:46,15
3/5/2019 9:46,15
3/5/2019 9:46,0
3/5/2019 9:46,0
3/5/2019 9:46,15
3/5/2019 9:46,15
3/5/2019 9:46,0
3/5/2019 9:46,15
3/5/2019 9:46,15
3/5/2019 9:49,31
3/5/2019 9:49,15
3/5/2019 9:49,15
3/5/2019 9:50,15
3/5/2019 9:50,15
3/5/2019 9:50,15
3/5/2019 9:50,15
3/5/2019 9:52,0
3/5/2019 9:52,0
3/5/2019 9:52,0
3/5/2019 9:52,62
3/5/2019 10:01,15
3/5/2019 10:01,15
3/5/2019 10:01,15
3/5/2019 10:01,15
3/5/2019 10:01,15
3/5/2019 10:04,15
3/5/2019 10:04,15
3/5/2019 10:04,15
3/5/2019 10:04,31
3/5/2019 10:04,31
3/5/2019 10:04,15
3/5/2019 10:05,15
3/5/2019 10:05,15
3/5/2019 10:05,62
3/5/2019 10:05,78
3/5/2019 10:05,15
3/5/2019 10:05,46
3/5/2019 10:05,15
3/5/2019 10:05,78
3/5/2019 10:05,15
3/5/2019 10:05,15
3/5/2019 10:05,31
3/5/2019 10:05,15
3/5/2019 10:05,62
3/5/2019 10:08,31
3/5/2019 10:09,15
3/5/2019 10:09,15
3/5/2019 10:09,15
3/5/2019 10:09,15
3/5/2019 10:09,0
3/5/2019 10:09,0
3/5/2019 10:09,15
3/5/2019 10:09,15
3/5/2019 10:09,0
3/5/2019 10:09,15
3/5/2019 10:09,15
3/5/2019 10:09,0
3/5/2019 10:09,0
3/5/2019 10:09,15
3/5/2019 10:09,15
3/5/2019 10:10,15
3/5/2019 10:10,15
3/5/2019 10:10,0
3/5/2019 10:10,15
3/5/2019 10:10,156
3/5/2019 10:10,140
3/5/2019 10:10,15
3/5/2019 10:10,15
3/5/2019 10:10,15
3/5/2019 10:10,0
3/5/2019 10:10,0
3/5/2019 10:10,0
3/5/2019 10:10,15
3/5/2019 10:10,15
3/5/2019 10:10,0
3/5/2019 10:10,0
3/5/2019 10:10,15
3/5/2019 10:10,78
3/5/2019 10:11,15
3/5/2019 10:11,15
3/5/2019 10:11,15
3/5/2019 10:11,15
3/5/2019 10:11,15
3/5/2019 10:11,15
3/5/2019 10:11,0
3/5/2019 10:11,15
3/5/2019 10:11,15
3/5/2019 10:11,15
3/5/2019 10:11,15
3/5/2019 10:11,15
3/5/2019 10:11,0
3/5/2019 10:11,0
3/5/2019 10:11,31
3/5/2019 10:11,15
3/5/2019 10:11,0
3/5/2019 10:11,15
3/5/2019 10:11,15
3/5/2019 10:11,125
3/5/2019 10:11,15
3/5/2019 10:11,31
3/5/2019 10:11,1171
3/5/2019 10:11,109
3/5/2019 10:11,15
3/5/2019 10:12,0
3/5/2019 10:12,109
3/5/2019 10:12,15
3/5/2019 10:12,15
3/5/2019 10:12,15
3/5/2019 10:12,0
3/5/2019 10:12,0
3/5/2019 10:12,15
3/5/2019 10:12,15
3/5/2019 10:12,15
3/5/2019 10:12,15
3/5/2019 10:12,0
3/5/2019 10:12,15
3/5/2019 10:12,0
3/5/2019 10:12,15
3/5/2019 10:12,0
3/5/2019 10:12,15
3/5/2019 10:12,15
3/5/2019 10:12,15
3/5/2019 10:12,0
3/5/2019 10:12,15
3/5/2019 10:13,15
3/5/2019 10:13,124
3/5/2019 10:13,109
3/5/2019 10:13,15
3/5/2019 10:13,0
3/5/2019 10:13,0
3/5/2019 10:13,15
3/5/2019 10:13,15
3/5/2019 10:13,0
3/5/2019 10:13,15
3/5/2019 10:13,15
3/5/2019 10:14,15
3/5/2019 10:14,15
3/5/2019 10:14,15
3/5/2019 10:14,109
3/5/2019 10:15,93
3/5/2019 10:15,15
3/5/2019 10:15,15
3/5/2019 10:15,15
3/5/2019 10:15,15
3/5/2019 10:15,0
3/5/2019 10:15,0
3/5/2019 10:15,15
3/5/2019 10:15,31
3/5/2019 10:15,0
3/5/2019 10:15,0
3/5/2019 10:15,0
3/5/2019 10:15,15
3/5/2019 10:15,0
3/5/2019 10:15,15
3/5/2019 10:15,31
3/5/2019 10:15,0
3/5/2019 10:16,0
3/5/2019 10:16,218
3/5/2019 10:16,109
3/5/2019 10:16,109
3/5/2019 10:16,93
3/5/2019 10:16,0
3/5/2019 10:16,15
3/5/2019 10:16,15
3/5/2019 10:16,15
3/5/2019 10:16,0
3/5/2019 10:16,0
3/5/2019 10:16,0
3/5/2019 10:16,15
3/5/2019 10:16,0
3/5/2019 10:16,15
3/5/2019 10:16,109
3/5/2019 10:16,15
3/5/2019 10:17,0
3/5/2019 10:17,15
3/5/2019 10:17,15
3/5/2019 10:17,15
3/5/2019 10:17,93
3/5/2019 10:17,15
3/5/2019 10:17,15
3/5/2019 10:17,0
3/5/2019 10:17,31
3/5/2019 10:17,31
3/5/2019 10:17,15
3/5/2019 10:17,15
3/5/2019 10:17,15
3/5/2019 10:17,15
3/5/2019 10:18,15
3/5/2019 10:18,15
3/5/2019 10:18,0
3/5/2019 10:18,0
3/5/2019 10:18,15
3/5/2019 10:18,0
3/5/2019 10:18,15
3/5/2019 10:18,0
3/5/2019 10:18,15
3/5/2019 10:18,15
3/5/2019 10:18,15
3/5/2019 10:18,15
3/5/2019 10:19,15
3/5/2019 10:19,15
3/5/2019 10:19,15
3/5/2019 10:19,15
3/5/2019 10:19,0
3/5/2019 10:19,109
3/5/2019 10:19,15
3/5/2019 10:19,15
3/5/2019 10:19,15
3/5/2019 10:19,15
3/5/2019 10:19,15
3/5/2019 10:19,93
3/5/2019 10:19,31
3/5/2019 10:20,15
3/5/2019 10:20,15
3/5/2019 10:20,0
3/5/2019 10:20,15
3/5/2019 10:20,15
3/5/2019 10:20,109
3/5/2019 10:20,15
3/5/2019 10:21,0
3/5/2019 10:21,15
3/5/2019 10:21,31
3/5/2019 10:21,0
3/5/2019 10:22,15
3/5/2019 10:22,15
3/5/2019 10:22,0
3/5/2019 10:22,0
3/5/2019 10:22,15
3/5/2019 10:22,15
3/5/2019 10:22,0
3/5/2019 10:22,0
3/5/2019 10:22,15
3/5/2019 10:22,15
3/5/2019 10:22,15
3/5/2019 10:22,0
3/5/2019 10:22,46
3/5/2019 10:23,15
3/5/2019 10:23,15
3/5/2019 10:23,15
3/5/2019 10:23,15
3/5/2019 10:23,0
3/5/2019 10:23,0
3/5/2019 10:23,0
3/5/2019 10:23,15
3/5/2019 10:23,15
3/5/2019 10:23,0
3/5/2019 10:23,15
3/5/2019 10:23,31
3/5/2019 10:23,15
3/5/2019 10:23,15
3/5/2019 10:23,0
3/5/2019 10:23,0
3/5/2019 10:23,15
3/5/2019 10:23,15
3/5/2019 10:23,15
3/5/2019 10:23,15
3/5/2019 10:23,15
3/5/2019 10:23,0
3/5/2019 10:23,15
3/5/2019 10:23,0
3/5/2019 10:23,15
3/5/2019 10:23,15
3/5/2019 10:23,15
3/5/2019 10:24,0
3/5/2019 10:24,0
3/5/2019 10:24,31
3/5/2019 10:24,15
3/5/2019 10:25,0
3/5/2019 10:25,0
3/5/2019 10:25,15
3/5/2019 10:25,46
3/5/2019 10:25,15
3/5/2019 10:25,31
3/5/2019 10:26,0
3/5/2019 10:26,31
3/5/2019 10:26,15
3/5/2019 10:26,0
3/5/2019 10:31,15
3/5/2019 10:31,15
3/5/2019 10:31,15
3/5/2019 10:31,15
3/5/2019 10:31,15
3/5/2019 10:31,15
3/5/2019 10:32,46
3/5/2019 10:32,15
3/5/2019 10:32,15
3/5/2019 10:32,0
3/5/2019 10:32,15
3/5/2019 10:32,15
3/5/2019 10:32,62
3/5/2019 10:32,62
3/5/2019 10:32,15
3/5/2019 10:32,0
3/5/2019 10:32,15
3/5/2019 10:32,62
3/5/2019 10:33,46
3/5/2019 10:33,15
3/5/2019 10:33,0
3/5/2019 10:33,15
3/5/2019 10:33,0
3/5/2019 10:34,15
3/5/2019 10:34,15
3/5/2019 10:34,15
3/5/2019 10:34,15
3/5/2019 10:34,31
3/5/2019 10:34,15
3/5/2019 10:34,31
3/5/2019 10:34,15
3/5/2019 10:34,15
3/5/2019 10:34,15
3/5/2019 10:34,46
3/5/2019 10:34,15
3/5/2019 10:34,15
3/5/2019 10:34,31
3/5/2019 10:35,15
3/5/2019 10:35,15
3/5/2019 10:35,15
3/5/2019 10:35,15
3/5/2019 10:35,0
3/5/2019 10:35,0
3/5/2019 10:35,0
3/5/2019 10:35,15
3/5/2019 10:35,15
3/5/2019 10:35,31
3/5/2019 10:35,15
3/5/2019 10:35,31
3/5/2019 10:35,15
3/5/2019 10:36,15
3/5/2019 10:36,15
3/5/2019 10:36,31
3/5/2019 10:36,62
3/5/2019 10:36,15
3/5/2019 10:36,62
3/5/2019 10:36,15
3/5/2019 10:36,15
3/5/2019 10:36,15
3/5/2019 10:36,0
3/5/2019 10:36,0
3/5/2019 10:36,15
3/5/2019 10:36,15
3/5/2019 10:36,0
3/5/2019 10:36,62
3/5/2019 10:36,0
3/5/2019 10:37,0
3/5/2019 10:37,15
3/5/2019 10:37,0
3/5/2019 10:37,46
3/5/2019 10:37,62
3/5/2019 10:37,62
3/5/2019 10:37,0
3/5/2019 10:37,15
3/5/2019 10:37,15
3/5/2019 10:37,46
3/5/2019 10:37,0
3/5/2019 10:37,46
3/5/2019 10:38,281
3/5/2019 10:38,312
3/5/2019 10:38,15
3/5/2019 10:38,15
3/5/2019 10:38,15
3/5/2019 10:38,15
3/5/2019 10:38,0
3/5/2019 10:38,0
3/5/2019 10:38,31
3/5/2019 10:38,31
3/5/2019 10:38,46
3/5/2019 10:38,0
3/5/2019 10:38,15
3/5/2019 10:38,46
3/5/2019 10:38,281
3/5/2019 10:38,31
3/5/2019 10:38,31
3/5/2019 10:38,46
3/5/2019 10:38,62
3/5/2019 10:38,31
3/5/2019 10:38,0
3/5/2019 10:38,31
3/5/2019 10:38,0
3/5/2019 10:38,15
3/5/2019 10:38,15
3/5/2019 10:38,15
3/5/2019 10:38,62
3/5/2019 10:39,0
3/5/2019 10:39,15
3/5/2019 10:39,15
3/5/2019 10:39,15
3/5/2019 10:39,62
3/5/2019 10:39,15
3/5/2019 10:39,15
3/5/2019 10:39,15
3/5/2019 10:39,15
3/5/2019 10:39,15
3/5/2019 10:39,15
3/5/2019 10:39,15
3/5/2019 10:39,15
3/5/2019 10:39,15
3/5/2019 10:39,0
3/5/2019 10:40,31
3/5/2019 10:40,0
3/5/2019 10:40,0
3/5/2019 10:40,46
3/5/2019 10:40,62
3/5/2019 10:40,46
3/5/2019 10:40,78
3/5/2019 10:40,78
3/5/2019 10:40,203
3/5/2019 10:40,218
3/5/2019 10:40,218
3/5/2019 10:40,31
3/5/2019 10:40,15
3/5/2019 10:40,15
3/5/2019 10:40,15
3/5/2019 10:40,0
3/5/2019 10:40,15
3/5/2019 10:40,15
3/5/2019 10:40,15
3/5/2019 10:40,15
3/5/2019 10:40,31
3/5/2019 10:40,31
3/5/2019 10:40,0
3/5/2019 10:41,15
3/5/2019 10:41,15
3/5/2019 10:41,46
3/5/2019 10:41,15
3/5/2019 10:41,31
3/5/2019 10:41,15
3/5/2019 10:41,15
3/5/2019 10:41,31
3/5/2019 10:41,187
3/5/2019 10:41,46
3/5/2019 10:41,15
3/5/2019 10:41,31
3/5/2019 10:41,15
3/5/2019 10:41,15
3/5/2019 10:41,15
3/5/2019 10:41,15
3/5/2019 10:43,0
3/5/2019 10:43,15
3/5/2019 10:43,15
3/5/2019 10:43,15
3/5/2019 10:43,46
3/5/2019 10:43,15
3/5/2019 10:43,0
3/5/2019 10:43,15
3/5/2019 10:43,15
3/5/2019 10:43,15
3/5/2019 10:43,31
3/5/2019 10:43,31
3/5/2019 10:44,31
3/5/2019 10:44,15
3/5/2019 10:44,15
3/5/2019 10:44,31
3/5/2019 10:44,0
3/5/2019 10:45,15
3/5/2019 10:45,0
3/5/2019 10:45,15
3/5/2019 10:45,15
3/5/2019 10:45,125
3/5/2019 10:45,125
3/5/2019 10:45,15
3/5/2019 10:45,0
3/5/2019 10:45,15
3/5/2019 10:45,109
3/5/2019 10:45,125
3/5/2019 10:45,15
3/5/2019 10:45,15
3/5/2019 10:45,15
3/5/2019 10:45,15
3/5/2019 10:45,15
3/5/2019 10:45,0
3/5/2019 10:45,0
3/5/2019 10:45,15
3/5/2019 10:45,15
3/5/2019 10:45,15
3/5/2019 10:46,15
3/5/2019 10:46,15
3/5/2019 10:46,15
3/5/2019 10:46,15
3/5/2019 10:46,15
3/5/2019 10:46,15
3/5/2019 10:46,15
3/5/2019 10:46,31
3/5/2019 10:46,15
3/5/2019 10:46,15
3/5/2019 10:46,15
3/5/2019 10:46,0
3/5/2019 10:46,15
3/5/2019 10:46,31
3/5/2019 10:46,0
3/5/2019 10:46,15
3/5/2019 10:46,0
3/5/2019 10:46,15
3/5/2019 10:46,0
3/5/2019 10:46,15
3/5/2019 10:46,0
3/5/2019 10:46,15
3/5/2019 10:46,0
3/5/2019 10:46,0
3/5/2019 10:46,31
3/5/2019 10:46,31
3/5/2019 10:47,31
3/5/2019 10:47,15
3/5/2019 10:47,46
3/5/2019 10:47,15
3/5/2019 10:47,0
3/5/2019 10:47,46
3/5/2019 10:47,15
3/5/2019 10:47,78
3/5/2019 10:47,109
3/5/2019 10:47,15
3/5/2019 10:47,0
3/5/2019 10:47,31
3/5/2019 10:47,0
3/5/2019 10:47,15
3/5/2019 10:47,62
3/5/2019 10:48,31
3/5/2019 10:48,0
3/5/2019 10:48,15
3/5/2019 10:48,31
3/5/2019 10:48,15
3/5/2019 10:49,15
3/5/2019 10:49,15
3/5/2019 10:49,15
3/5/2019 10:49,0
3/5/2019 10:50,15
3/5/2019 10:50,0
3/5/2019 10:50,0
3/5/2019 10:50,31
3/5/2019 10:50,0
3/5/2019 10:50,15
3/5/2019 10:50,15
3/5/2019 10:50,15
3/5/2019 10:51,15
3/5/2019 10:51,31
3/5/2019 10:51,15
3/5/2019 10:51,15
3/5/2019 10:51,15
3/5/2019 10:51,15
3/5/2019 10:51,0
3/5/2019 10:51,15
3/5/2019 10:51,15
3/5/2019 10:51,15
3/5/2019 10:51,15
3/5/2019 10:51,0
3/5/2019 10:51,0
3/5/2019 10:52,15
3/5/2019 10:52,15
3/5/2019 10:52,15
3/5/2019 10:52,0
3/5/2019 10:52,0
3/5/2019 10:52,0
3/5/2019 10:53,15
3/5/2019 10:53,124
3/5/2019 10:53,0
3/5/2019 10:53,15
3/5/2019 10:53,15
3/5/2019 10:53,15
3/5/2019 10:53,0
3/5/2019 10:53,15
3/5/2019 10:53,0
3/5/2019 10:54,15
3/5/2019 10:54,0
3/5/2019 10:54,15
3/5/2019 10:54,15
3/5/2019 10:55,46
3/5/2019 10:55,15
3/5/2019 10:55,15
3/5/2019 10:55,31
3/5/2019 10:55,15
3/5/2019 10:55,15
3/5/2019 10:55,15
3/5/2019 10:55,15
3/5/2019 10:55,15
3/5/2019 10:55,0
3/5/2019 10:55,109
3/5/2019 10:55,15
3/5/2019 10:55,31
3/5/2019 10:55,0
3/5/2019 10:55,15
3/5/2019 10:56,46
3/5/2019 10:56,15
3/5/2019 10:56,15
3/5/2019 10:56,31
3/5/2019 10:56,7
3/5/2019 10:56,15
3/5/2019 10:56,15
3/5/2019 10:56,31
3/5/2019 10:59,15
3/5/2019 10:59,31
3/5/2019 10:59,31
3/5/2019 10:59,15
3/5/2019 10:59,15
3/5/2019 10:59,15
3/5/2019 10:59,15
3/5/2019 10:59,15
3/5/2019 11:00,15
3/5/2019 11:00,15
3/5/2019 11:00,15
3/5/2019 11:00,46
3/5/2019 11:00,0
3/5/2019 11:00,15
3/5/2019 11:00,15
3/5/2019 11:01,15
3/5/2019 11:01,15
3/5/2019 11:01,15
3/5/2019 11:02,15
3/5/2019 11:02,31
3/5/2019 11:02,15
3/5/2019 11:03,15
3/5/2019 11:03,15
3/5/2019 11:03,15
3/5/2019 11:03,15
3/5/2019 11:03,15
3/5/2019 11:03,31
3/5/2019 11:03,31
3/5/2019 11:03,15
3/5/2019 11:03,15
3/5/2019 11:04,15
3/5/2019 11:04,15
3/5/2019 11:04,15
3/5/2019 11:04,15
3/5/2019 11:04,15
3/5/2019 11:04,15
3/5/2019 11:04,15
3/5/2019 11:05,15
3/5/2019 11:05,15
3/5/2019 11:05,0
3/5/2019 11:05,0
3/5/2019 11:05,15
3/5/2019 11:05,15
3/5/2019 11:05,15
3/5/2019 11:05,15
3/5/2019 11:05,15
3/5/2019 11:05,15
3/5/2019 11:05,15
3/5/2019 11:05,0
3/5/2019 11:06,31
3/5/2019 11:06,15
3/5/2019 11:06,265
3/5/2019 11:06,0
3/5/2019 11:06,15
3/5/2019 11:06,15
3/5/2019 11:06,0
3/5/2019 11:06,0
3/5/2019 11:07,31
3/5/2019 11:07,15
3/5/2019 11:07,0
3/5/2019 11:07,15
3/5/2019 11:07,15
3/5/2019 11:07,46
3/5/2019 11:07,15
3/5/2019 11:07,0
3/5/2019 11:07,0
3/5/2019 11:07,62
3/5/2019 11:07,31
3/5/2019 11:07,15
3/5/2019 11:08,15
3/5/2019 11:08,15
3/5/2019 11:08,15
3/5/2019 11:08,15
3/5/2019 11:08,0
3/5/2019 11:08,15
3/5/2019 11:08,15
3/5/2019 11:08,15
3/5/2019 11:09,156
3/5/2019 11:09,187
3/5/2019 11:09,31
3/5/2019 11:09,15
3/5/2019 11:12,15
3/5/2019 11:12,15
3/5/2019 11:12,15
3/5/2019 11:12,15
3/5/2019 11:12,15
3/5/2019 11:12,15
3/5/2019 11:13,31
3/5/2019 11:13,15
3/5/2019 11:13,78
3/5/2019 11:14,31
3/5/2019 11:14,46
3/5/2019 11:14,15
3/5/2019 11:14,15
3/5/2019 11:14,15
3/5/2019 11:14,15
3/5/2019 11:14,31
3/5/2019 11:14,15
3/5/2019 11:14,0
3/5/2019 11:14,0
3/5/2019 11:14,15
3/5/2019 11:14,78
3/5/2019 11:14,15
3/5/2019 11:15,15
3/5/2019 11:15,31
3/5/2019 11:15,0
3/5/2019 11:15,15
3/5/2019 11:15,0
3/5/2019 11:15,15
3/5/2019 11:16,15
3/5/2019 11:16,15
3/5/2019 11:16,15
3/5/2019 11:16,15
3/5/2019 11:16,15
3/5/2019 11:16,31
3/5/2019 11:17,15
3/5/2019 11:17,15
3/5/2019 11:17,15
3/5/2019 11:17,31
3/5/2019 11:17,15
3/5/2019 11:18,15
3/5/2019 11:18,15
3/5/2019 11:18,15
3/5/2019 11:18,15
3/5/2019 11:18,31
3/5/2019 11:19,15
3/5/2019 11:19,15
3/5/2019 11:19,0
3/5/2019 11:19,15
3/5/2019 11:19,15
3/5/2019 11:19,15
3/5/2019 11:19,15
3/5/2019 11:19,0
3/5/2019 11:19,15
3/5/2019 11:19,0
3/5/2019 11:19,0
3/5/2019 11:19,0
3/5/2019 11:19,15
3/5/2019 11:19,15
3/5/2019 11:20,15
3/5/2019 11:20,15
3/5/2019 11:20,15
3/5/2019 11:20,15
3/5/2019 11:21,0
3/5/2019 11:21,15
3/5/2019 11:22,0
3/5/2019 11:22,0
3/5/2019 11:22,15
3/5/2019 11:22,0
3/5/2019 11:22,15
3/5/2019 11:22,0
3/5/2019 11:23,15
3/5/2019 11:23,15
3/5/2019 11:23,15
3/5/2019 11:23,0
3/5/2019 11:23,15
3/5/2019 11:23,15
3/5/2019 11:23,15
3/5/2019 11:23,93
3/5/2019 11:23,15
3/5/2019 11:24,15
3/5/2019 11:24,15
3/5/2019 11:24,0
3/5/2019 11:24,15
3/5/2019 11:24,15
3/5/2019 11:24,15
3/5/2019 11:24,0
3/5/2019 11:24,15
3/5/2019 11:26,15
3/5/2019 11:26,15
3/5/2019 11:26,0
3/5/2019 11:26,15
3/5/2019 11:26,15
3/5/2019 11:26,15
3/5/2019 11:26,0
3/5/2019 11:26,15
3/5/2019 11:26,15
3/5/2019 11:26,15
3/5/2019 11:27,15
3/5/2019 11:27,15
3/5/2019 11:27,0
3/5/2019 11:27,0
3/5/2019 11:27,15
3/5/2019 11:29,0
3/5/2019 11:29,0
3/5/2019 11:29,0
3/5/2019 11:29,15
3/5/2019 11:29,62
3/5/2019 11:29,0
3/5/2019 11:32,0
3/5/2019 11:33,140
3/5/2019 11:33,140
3/5/2019 11:33,0
3/5/2019 11:33,31
3/5/2019 11:33,15
3/5/2019 11:33,31
3/5/2019 11:33,31
3/5/2019 11:33,15
3/5/2019 11:33,62
3/5/2019 11:33,15
3/5/2019 11:33,0
3/5/2019 11:33,46
3/5/2019 11:33,0
3/5/2019 11:33,0
3/5/2019 11:33,31
3/5/2019 11:33,0
3/5/2019 11:33,62
3/5/2019 11:33,46
3/5/2019 11:34,15
3/5/2019 11:34,15
3/5/2019 11:34,46
3/5/2019 11:34,15
3/5/2019 11:34,78
3/5/2019 11:34,31
3/5/2019 11:34,15
3/5/2019 11:34,0
3/5/2019 11:34,15
3/5/2019 11:34,15
3/5/2019 11:34,31
3/5/2019 11:34,15
3/5/2019 11:34,15
3/5/2019 11:34,0
3/5/2019 11:34,31
3/5/2019 11:34,31
3/5/2019 11:34,46
3/5/2019 11:34,0
3/5/2019 11:34,15
3/5/2019 11:34,15
3/5/2019 11:34,15
3/5/2019 11:34,31
3/5/2019 11:34,31
3/5/2019 11:34,15
3/5/2019 11:34,15
3/5/2019 11:34,15
3/5/2019 11:34,0
3/5/2019 11:35,15
3/5/2019 11:35,15
3/5/2019 11:35,15
3/5/2019 11:35,62
3/5/2019 11:35,0
3/5/2019 11:35,62
3/5/2019 11:35,93
3/5/2019 11:35,15
3/5/2019 11:35,15
3/5/2019 11:38,15
3/5/2019 11:38,46
3/5/2019 11:38,15
3/5/2019 11:38,15
3/5/2019 11:38,15
3/5/2019 11:38,15
3/5/2019 11:38,15
3/5/2019 11:38,15
3/5/2019 11:38,15
3/5/2019 11:39,0
3/5/2019 11:39,0
3/5/2019 11:39,0
3/5/2019 11:39,0
3/5/2019 11:39,15
3/5/2019 11:39,15
3/5/2019 11:39,0
3/5/2019 11:39,15
3/5/2019 11:39,31
3/5/2019 11:39,15
3/5/2019 11:39,15
3/5/2019 11:39,0
3/5/2019 11:40,187
3/5/2019 11:41,15
3/5/2019 11:41,15
3/5/2019 11:41,15
3/5/2019 11:41,15
3/5/2019 11:41,15
3/5/2019 11:44,109
3/5/2019 11:44,93
3/5/2019 11:44,31
3/5/2019 11:44,15
3/5/2019 11:44,15
3/5/2019 11:44,15
3/5/2019 11:44,15
3/5/2019 11:44,15
3/5/2019 11:44,0
3/5/2019 11:44,31
3/5/2019 11:46,15
3/5/2019 11:46,15
3/5/2019 11:46,15
3/5/2019 11:46,15
3/5/2019 11:46,15
3/5/2019 11:46,15
3/5/2019 11:46,15
3/5/2019 11:46,15
3/5/2019 11:48,15
3/5/2019 11:49,15
3/5/2019 11:49,15
3/5/2019 11:50,15
3/5/2019 11:50,15
3/5/2019 11:51,140
3/5/2019 11:51,109
3/5/2019 11:51,0
3/5/2019 11:51,124
3/5/2019 11:51,15
3/5/2019 11:51,0
3/5/2019 11:51,15
3/5/2019 11:51,15
3/5/2019 11:51,15
3/5/2019 11:51,15
3/5/2019 11:51,15
3/5/2019 11:51,15
3/5/2019 11:51,31
3/5/2019 11:51,15
3/5/2019 11:51,15
3/5/2019 11:51,15
3/5/2019 11:51,15
3/5/2019 11:52,15
3/5/2019 11:52,15
3/5/2019 11:52,31
3/5/2019 11:52,15
3/5/2019 11:52,31
3/5/2019 11:52,15
3/5/2019 11:52,0
3/5/2019 11:52,0
3/5/2019 11:52,0
3/5/2019 11:52,15
3/5/2019 11:52,15
3/5/2019 11:52,15
3/5/2019 11:52,0
3/5/2019 11:52,15
3/5/2019 11:52,15
3/5/2019 11:52,0
3/5/2019 11:52,15
3/5/2019 11:52,0
3/5/2019 11:52,15
3/5/2019 11:53,109
3/5/2019 11:53,15
3/5/2019 11:53,31
3/5/2019 11:53,15
3/5/2019 11:53,31
3/5/2019 11:53,15
3/5/2019 11:53,31
3/5/2019 11:53,0
3/5/2019 11:53,15
3/5/2019 11:53,15
3/5/2019 11:53,0
3/5/2019 11:53,15
3/5/2019 11:53,15
3/5/2019 11:53,0
3/5/2019 11:53,15
3/5/2019 11:53,15
3/5/2019 11:53,15
3/5/2019 11:54,15
3/5/2019 11:54,15
3/5/2019 11:54,15
3/5/2019 11:54,15
3/5/2019 11:54,31
3/5/2019 11:54,0
3/5/2019 11:54,0
3/5/2019 11:54,0
3/5/2019 11:54,15
3/5/2019 11:54,0
3/5/2019 11:54,15
3/5/2019 11:54,15
3/5/2019 11:54,15
3/5/2019 11:54,15
3/5/2019 11:54,15
3/5/2019 11:54,15
3/5/2019 11:54,0
3/5/2019 11:54,15
3/5/2019 11:54,15
3/5/2019 11:54,15
3/5/2019 11:54,0
3/5/2019 11:54,0
3/5/2019 11:54,15
3/5/2019 11:54,15
3/5/2019 11:54,15
3/5/2019 11:54,0
3/5/2019 11:54,15
3/5/2019 11:54,15
3/5/2019 11:54,15
3/5/2019 11:54,15
3/5/2019 11:54,15
3/5/2019 11:54,15
3/5/2019 11:54,15
3/5/2019 11:54,15
3/5/2019 11:55,15
3/5/2019 11:55,0
3/5/2019 11:55,0
3/5/2019 11:55,15
3/5/2019 11:55,15
3/5/2019 11:55,15
3/5/2019 11:55,15
3/5/2019 11:55,15
3/5/2019 11:55,15
3/5/2019 11:55,15
3/5/2019 11:55,15
3/5/2019 11:55,15
3/5/2019 11:55,109
3/5/2019 11:55,15
3/5/2019 11:55,171
3/5/2019 11:55,0
3/5/2019 11:55,15
3/5/2019 11:56,0
3/5/2019 11:56,0
3/5/2019 11:56,15
3/5/2019 11:56,31
3/5/2019 11:56,15
3/5/2019 11:56,15
3/5/2019 11:57,15
3/5/2019 11:57,0
3/5/2019 11:57,15
3/5/2019 11:57,0
3/5/2019 11:57,15
3/5/2019 11:57,15
3/5/2019 11:57,15
3/5/2019 11:57,15
3/5/2019 11:57,15
3/5/2019 11:57,15
3/5/2019 11:57,15
3/5/2019 11:57,15
3/5/2019 11:58,15
3/5/2019 11:58,0
3/5/2019 11:58,15
3/5/2019 11:58,31
3/5/2019 11:58,31
3/5/2019 11:58,0
3/5/2019 11:59,15
3/5/2019 11:59,15
3/5/2019 11:59,31
3/5/2019 11:59,0
3/5/2019 11:59,0
3/5/2019 11:59,15
3/5/2019 11:59,15
3/5/2019 11:59,0
3/5/2019 11:59,0
3/5/2019 11:59,0
3/5/2019 11:59,15
3/5/2019 11:59,0
3/5/2019 11:59,15
3/5/2019 11:59,15
3/5/2019 11:59,15
3/5/2019 11:59,15
3/5/2019 11:59,15
3/5/2019 11:59,15
3/5/2019 11:59,15
3/5/2019 11:59,15
3/5/2019 11:59,31
3/5/2019 11:59,15
3/5/2019 11:59,15
3/5/2019 11:59,15
3/5/2019 11:59,31
3/5/2019 12:00,15
3/5/2019 12:00,15
3/5/2019 12:00,15
3/5/2019 12:00,15
3/5/2019 12:00,15
3/5/2019 12:00,0
3/5/2019 12:00,78
3/5/2019 12:00,15
3/5/2019 12:00,31
3/5/2019 12:00,15
3/5/2019 12:00,15
3/5/2019 12:00,31
3/5/2019 12:00,15
3/5/2019 12:01,15
3/5/2019 12:01,15
3/5/2019 12:01,15
3/5/2019 12:01,0
3/5/2019 12:01,15
3/5/2019 12:01,15
3/5/2019 12:01,15
3/5/2019 12:01,15
3/5/2019 12:01,15
3/5/2019 12:01,15
3/5/2019 12:01,15
3/5/2019 12:01,15
3/5/2019 12:01,15
3/5/2019 12:01,46
3/5/2019 12:01,15
3/5/2019 12:01,15
3/5/2019 12:01,0
3/5/2019 12:01,15
3/5/2019 12:01,15
3/5/2019 12:01,15
3/5/2019 12:01,15
3/5/2019 12:01,15
3/5/2019 12:01,0
3/5/2019 12:02,0
3/5/2019 12:02,15
3/5/2019 12:02,15
3/5/2019 12:02,15
3/5/2019 12:02,0
3/5/2019 12:02,62
3/5/2019 12:02,0
3/5/2019 12:02,0
3/5/2019 12:03,0
3/5/2019 12:03,31
3/5/2019 12:03,15
3/5/2019 12:03,31
3/5/2019 12:06,15
3/5/2019 12:06,15
3/5/2019 12:06,46
3/5/2019 12:06,15
3/5/2019 12:06,0
3/5/2019 12:06,0
3/5/2019 12:06,0
3/5/2019 12:06,15
3/5/2019 12:06,15
3/5/2019 12:06,62
3/5/2019 12:06,15
3/5/2019 12:06,0
3/5/2019 12:07,0
3/5/2019 12:07,0
3/5/2019 12:07,15
3/5/2019 12:07,15
3/5/2019 12:07,15
3/5/2019 12:07,31
3/5/2019 12:07,31
3/5/2019 12:07,15
3/5/2019 12:07,0
3/5/2019 12:07,15
3/5/2019 12:07,15
3/5/2019 12:07,0
3/5/2019 12:07,15
3/5/2019 12:07,15
3/5/2019 12:12,15
3/5/2019 12:12,15
3/5/2019 12:12,15
3/5/2019 12:12,15
3/5/2019 12:12,0
3/5/2019 12:12,15
3/5/2019 12:12,0
3/5/2019 12:12,31
3/5/2019 12:12,15
3/5/2019 12:13,15
3/5/2019 12:13,15
3/5/2019 12:13,31
3/5/2019 12:13,15
3/5/2019 12:13,15
3/5/2019 12:13,15
3/5/2019 12:14,15
3/5/2019 12:14,15
3/5/2019 12:14,15
3/5/2019 12:15,15
3/5/2019 12:15,15
3/5/2019 12:15,15
3/5/2019 12:15,0
3/5/2019 12:15,15
3/5/2019 12:15,15
3/5/2019 12:15,15
3/5/2019 12:16,31
3/5/2019 12:16,15
3/5/2019 12:16,15
3/5/2019 12:16,15
3/5/2019 12:16,15
3/5/2019 12:16,0
3/5/2019 12:16,0
3/5/2019 12:16,15
3/5/2019 12:16,15
3/5/2019 12:16,15
3/5/2019 12:16,15
3/5/2019 12:16,31
3/5/2019 12:17,15
3/5/2019 12:17,15
3/5/2019 12:17,15
3/5/2019 12:17,15
3/5/2019 12:17,15
3/5/2019 12:17,15
3/5/2019 12:17,15
3/5/2019 12:17,15
3/5/2019 12:17,0
3/5/2019 12:17,15
3/5/2019 12:17,0
3/5/2019 12:17,15
3/5/2019 12:17,0
3/5/2019 12:17,15
3/5/2019 12:17,0
3/5/2019 12:17,15
3/5/2019 12:17,0
3/5/2019 12:18,15
3/5/2019 12:18,15
3/5/2019 12:18,15
3/5/2019 12:18,0
3/5/2019 12:18,0
3/5/2019 12:18,15
3/5/2019 12:18,15
3/5/2019 12:18,0
3/5/2019 12:18,15
3/5/2019 12:18,15
3/5/2019 12:18,15
3/5/2019 12:18,0
3/5/2019 12:18,0
3/5/2019 12:18,15
3/5/2019 12:19,15
3/5/2019 12:19,15
3/5/2019 12:19,15
3/5/2019 12:19,46
3/5/2019 12:19,15
3/5/2019 12:19,15
3/5/2019 12:19,31
3/5/2019 12:20,15
3/5/2019 12:20,15
3/5/2019 12:20,15
3/5/2019 12:20,0
3/5/2019 12:20,15
3/5/2019 12:20,0
3/5/2019 12:20,0
3/5/2019 12:20,109
3/5/2019 12:20,93
3/5/2019 12:20,15
3/5/2019 12:20,0
3/5/2019 12:20,15
3/5/2019 12:23,15
3/5/2019 12:23,15
3/5/2019 12:23,15
3/5/2019 12:23,15
3/5/2019 12:23,15
3/5/2019 12:24,15
3/5/2019 12:24,15
3/5/2019 12:24,15
3/5/2019 12:24,0
3/5/2019 12:24,31
3/5/2019 12:24,15
3/5/2019 12:25,0
3/5/2019 12:25,0
3/5/2019 12:25,15
3/5/2019 12:25,0
3/5/2019 12:25,15
3/5/2019 12:25,15
3/5/2019 12:25,0
3/5/2019 12:25,15
3/5/2019 12:25,15
3/5/2019 12:25,15
3/5/2019 12:25,0
3/5/2019 12:26,15
3/5/2019 12:26,0
3/5/2019 12:26,15
3/5/2019 12:26,0
3/5/2019 12:26,31
3/5/2019 12:26,15
3/5/2019 12:26,15
3/5/2019 12:26,15
3/5/2019 12:26,15
3/5/2019 12:26,15
3/5/2019 12:27,15
3/5/2019 12:27,15
3/5/2019 12:28,15
3/5/2019 12:28,15
3/5/2019 12:29,15
3/5/2019 12:29,15
3/5/2019 12:29,15
3/5/2019 12:29,15
3/5/2019 12:29,15
3/5/2019 12:29,15
3/5/2019 12:29,15
3/5/2019 12:29,31
3/5/2019 12:29,0
3/5/2019 12:30,15
3/5/2019 12:30,15
3/5/2019 12:30,15
3/5/2019 12:30,0
3/5/2019 12:30,15
3/5/2019 12:30,0
3/5/2019 12:31,15
3/5/2019 12:31,15
3/5/2019 12:31,15
3/5/2019 12:31,0
3/5/2019 12:31,0
3/5/2019 12:32,15
3/5/2019 12:32,15
3/5/2019 12:32,15
3/5/2019 12:32,62
3/5/2019 12:32,0
3/5/2019 12:32,15
3/5/2019 12:32,15
3/5/2019 12:32,31
3/5/2019 12:32,15
3/5/2019 12:32,31
3/5/2019 12:32,15
3/5/2019 12:33,0
3/5/2019 12:33,31
3/5/2019 12:34,15
3/5/2019 12:34,46
3/5/2019 12:34,15
3/5/2019 12:34,31
3/5/2019 12:34,15
3/5/2019 12:34,15
3/5/2019 12:34,15
3/5/2019 12:34,0
3/5/2019 12:34,15
3/5/2019 12:34,0
3/5/2019 12:34,15
3/5/2019 12:34,46
3/5/2019 12:34,0
3/5/2019 12:34,140
3/5/2019 12:34,109
3/5/2019 12:34,0
3/5/2019 12:34,15
3/5/2019 12:34,0
3/5/2019 12:34,15
3/5/2019 12:34,62
3/5/2019 12:34,15
3/5/2019 12:34,15
3/5/2019 12:35,15
3/5/2019 12:35,0
3/5/2019 12:35,0
3/5/2019 12:35,15
3/5/2019 12:35,15
3/5/2019 12:35,15
3/5/2019 12:35,0
3/5/2019 12:35,0
3/5/2019 12:35,0
3/5/2019 12:35,15
3/5/2019 12:35,31
3/5/2019 12:35,0
3/5/2019 12:35,15
3/5/2019 12:35,0
3/5/2019 12:35,0
3/5/2019 12:35,15
3/5/2019 12:35,0
3/5/2019 12:35,0
3/5/2019 12:35,0
3/5/2019 12:35,0
3/5/2019 12:35,15
3/5/2019 12:40,46
3/5/2019 12:40,0
3/5/2019 12:40,62
3/5/2019 12:40,15
3/5/2019 12:40,0
3/5/2019 12:40,0
3/5/2019 12:40,31
3/5/2019 12:45,15
3/5/2019 12:45,0
3/5/2019 12:45,15
3/5/2019 12:45,15
3/5/2019 12:53,93
3/5/2019 12:53,109
3/5/2019 12:53,15
3/5/2019 12:53,15
3/5/2019 12:53,0
3/5/2019 12:53,0
3/5/2019 12:53,15
3/5/2019 12:53,15
3/5/2019 12:53,15
3/5/2019 12:53,31
3/5/2019 12:53,15
3/5/2019 12:53,15
3/5/2019 12:53,15
3/5/2019 12:53,15
3/5/2019 12:53,15
3/5/2019 12:53,1890
3/5/2019 12:54,15
3/5/2019 12:54,15
3/5/2019 12:54,15
3/5/2019 12:54,0
3/5/2019 12:56,15
3/5/2019 12:56,0
3/5/2019 12:56,15
3/5/2019 12:57,0
3/5/2019 12:57,15
3/5/2019 12:57,31
3/5/2019 12:57,15
3/5/2019 12:57,15
3/5/2019 12:58,0
3/5/2019 12:58,0
3/5/2019 12:58,15
3/5/2019 12:58,15
3/5/2019 12:58,218
3/5/2019 12:58,93
3/5/2019 12:58,15
3/5/2019 12:58,31
3/5/2019 12:58,15
3/5/2019 12:58,15
3/5/2019 12:58,15
3/5/2019 12:58,15
3/5/2019 12:58,15
3/5/2019 12:58,31
3/5/2019 12:58,15
3/5/2019 12:58,15
3/5/2019 12:58,31
3/5/2019 12:58,31
3/5/2019 12:58,15
3/5/2019 12:58,15
3/5/2019 12:58,15
3/5/2019 12:58,31
3/5/2019 12:58,15
3/5/2019 12:59,15
3/5/2019 12:59,31
3/5/2019 13:00,15
3/5/2019 13:00,0
3/5/2019 13:01,0
3/5/2019 13:01,15
3/5/2019 13:02,0
3/5/2019 13:02,0
3/5/2019 13:03,15
3/5/2019 13:03,0
3/5/2019 13:04,15
3/5/2019 13:04,0
3/5/2019 13:05,15
3/5/2019 13:05,0
3/5/2019 13:05,15
3/5/2019 13:05,15
3/5/2019 13:05,15
3/5/2019 13:05,15
3/5/2019 13:05,15
3/5/2019 13:05,15
3/5/2019 13:05,15
3/5/2019 13:06,15
3/5/2019 13:06,15
3/5/2019 13:06,124
3/5/2019 13:06,0
3/5/2019 13:06,15
3/5/2019 13:06,15
3/5/2019 13:07,15
3/5/2019 13:07,15
3/5/2019 13:07,15
3/5/2019 13:07,0
3/5/2019 13:07,15
3/5/2019 13:07,109
3/5/2019 13:07,0
3/5/2019 13:07,0
3/5/2019 13:07,0
3/5/2019 13:07,15
3/5/2019 13:09,15
3/5/2019 13:09,15
3/5/2019 13:09,15
3/5/2019 13:09,0
3/5/2019 13:15,31
3/5/2019 13:15,0
3/5/2019 13:15,15
3/5/2019 13:15,78
3/5/2019 13:15,0
3/5/2019 13:16,15
3/5/2019 13:16,15
3/5/2019 13:16,15
3/5/2019 13:16,0
3/5/2019 13:16,0
3/5/2019 13:17,46
3/5/2019 13:18,15
3/5/2019 13:21,0
3/5/2019 13:21,0
3/5/2019 13:21,62
3/5/2019 13:21,31
3/5/2019 13:28,15
3/5/2019 13:28,0
3/5/2019 13:28,0
3/5/2019 13:28,15
3/5/2019 13:29,15
3/5/2019 13:29,15
3/5/2019 13:29,0
3/5/2019 13:29,15
3/5/2019 13:29,15
3/5/2019 13:29,0
3/5/2019 13:29,62
3/5/2019 13:29,0
3/5/2019 13:30,15
3/5/2019 13:31,0
3/5/2019 13:31,15
3/5/2019 13:31,15
3/5/2019 13:31,15
3/5/2019 13:31,0
3/5/2019 13:31,15
3/5/2019 13:31,0
3/5/2019 13:31,0
3/5/2019 13:31,15
3/5/2019 13:32,15
3/5/2019 13:32,15
3/5/2019 13:32,0
3/5/2019 13:32,15
3/5/2019 13:33,15
3/5/2019 13:33,0
3/5/2019 13:33,15
3/5/2019 13:33,15
3/5/2019 13:33,62
3/5/2019 13:33,0
3/5/2019 13:33,15
3/5/2019 13:33,46
3/5/2019 13:33,31
3/5/2019 13:33,15
3/5/2019 13:33,46
3/5/2019 13:34,15
3/5/2019 13:34,15
3/5/2019 13:34,46
3/5/2019 13:34,62
3/5/2019 13:34,15
3/5/2019 13:34,15
3/5/2019 13:34,0
3/5/2019 13:34,62
3/5/2019 13:34,15
3/5/2019 13:34,15
3/5/2019 13:34,62
3/5/2019 13:35,31
3/5/2019 13:35,62
3/5/2019 13:35,15
3/5/2019 13:35,15
3/5/2019 13:35,15
3/5/2019 13:36,31
3/5/2019 13:36,0
3/5/2019 13:36,15
3/5/2019 13:36,0
3/5/2019 13:37,0
3/5/2019 13:37,15
3/5/2019 13:37,15
3/5/2019 13:37,0
3/5/2019 13:37,0
3/5/2019 13:37,46
3/5/2019 13:37,62
3/5/2019 13:37,15
3/5/2019 13:38,15
3/5/2019 13:38,0
3/5/2019 13:38,0
3/5/2019 13:38,15
3/5/2019 13:41,15
3/5/2019 13:41,0
3/5/2019 13:41,0
3/5/2019 13:41,15
3/5/2019 13:41,15
3/5/2019 13:41,0
3/5/2019 13:41,15
3/5/2019 13:42,15
3/5/2019 13:42,15
3/5/2019 13:42,15
3/5/2019 13:42,0
3/5/2019 13:43,0
3/5/2019 13:43,0
3/5/2019 13:43,0
3/5/2019 13:43,15
3/5/2019 13:43,0
3/5/2019 13:43,0
3/5/2019 13:43,0
3/5/2019 13:43,15
3/5/2019 13:44,15
3/5/2019 13:44,15
3/5/2019 13:47,15
3/5/2019 13:47,0
3/5/2019 13:47,0
3/5/2019 13:47,0
3/5/2019 13:59,15
3/5/2019 13:59,31
3/5/2019 13:59,31
3/5/2019 13:59,15
3/5/2019 13:59,15
3/5/2019 14:00,0
3/5/2019 14:00,15
3/5/2019 14:17,31
3/5/2019 14:17,15
3/5/2019 14:17,0
3/5/2019 14:17,15
3/5/2019 14:17,15
3/5/2019 14:17,15
3/5/2019 14:17,0
3/5/2019 14:20,31
3/5/2019 14:21,15
3/5/2019 14:21,0
3/5/2019 14:21,0
3/5/2019 14:21,15
3/5/2019 14:21,15
3/5/2019 14:21,31
3/5/2019 14:21,31
3/5/2019 14:22,250
3/5/2019 14:22,31
3/5/2019 14:27,15
3/5/2019 14:27,15
3/5/2019 14:27,0
3/5/2019 14:27,15
3/5/2019 14:27,15
3/5/2019 14:27,0
3/5/2019 14:27,0
3/5/2019 14:27,15
3/5/2019 14:28,15
3/5/2019 14:28,15
3/5/2019 14:28,0
3/5/2019 14:28,0
3/5/2019 14:28,15
3/5/2019 14:28,15
3/5/2019 14:28,15
3/5/2019 14:28,15
3/5/2019 14:33,15
3/5/2019 14:33,15
3/5/2019 14:33,15
3/5/2019 14:34,0
3/5/2019 14:34,15
3/5/2019 14:34,15
3/5/2019 14:34,15
3/5/2019 14:34,15
3/5/2019 14:35,0
3/5/2019 14:35,15
3/5/2019 14:35,15
3/5/2019 14:35,15
3/5/2019 14:35,15
3/5/2019 14:35,0
3/5/2019 14:35,0
3/5/2019 14:35,15
3/5/2019 14:35,15
3/5/2019 14:35,15
3/5/2019 14:35,0
3/5/2019 14:35,15
3/5/2019 14:36,15
3/5/2019 14:36,0
3/5/2019 14:36,15
3/5/2019 14:36,0
3/5/2019 14:36,15
3/5/2019 14:36,15
3/5/2019 14:37,15
3/5/2019 14:37,31
3/5/2019 14:37,31
3/5/2019 14:37,15
3/5/2019 14:37,15
3/5/2019 14:37,15
3/5/2019 14:37,0
3/5/2019 14:37,15
3/5/2019 14:38,15
3/5/2019 14:38,15
3/5/2019 14:38,0
3/5/2019 14:38,31
3/5/2019 14:38,0
3/5/2019 14:38,15
3/5/2019 14:38,0
3/5/2019 14:38,15
3/5/2019 14:38,15
3/5/2019 14:38,15
3/5/2019 14:38,0
3/5/2019 14:38,15
3/5/2019 14:38,15
3/5/2019 14:38,15
3/5/2019 14:38,15
3/5/2019 14:38,15
3/5/2019 14:39,15
3/5/2019 14:39,15
3/5/2019 14:39,15
3/5/2019 14:39,15
3/5/2019 14:39,15
3/5/2019 14:39,0
3/5/2019 14:39,15
3/5/2019 14:39,31
3/5/2019 14:39,15
3/5/2019 14:39,15
3/5/2019 14:39,15
3/5/2019 14:39,15
3/5/2019 14:40,15
3/5/2019 14:40,0
3/5/2019 14:40,15
3/5/2019 14:40,0
3/5/2019 14:46,15
3/5/2019 14:46,15
3/5/2019 14:46,0
3/5/2019 14:46,0
3/5/2019 14:46,140
3/5/2019 14:46,15
3/5/2019 14:48,0
3/5/2019 14:48,0
3/5/2019 14:48,62
3/5/2019 14:48,15
3/5/2019 14:48,31
3/5/2019 14:53,15
3/5/2019 14:53,46
3/5/2019 14:53,15
3/5/2019 14:53,0
3/5/2019 14:56,0
3/5/2019 14:56,15
3/5/2019 14:56,15
3/5/2019 14:56,0
3/5/2019 14:56,15
3/5/2019 14:56,15
3/5/2019 14:56,15
3/5/2019 14:56,15
3/5/2019 14:59,15
3/5/2019 14:59,62
3/5/2019 14:59,15
3/5/2019 14:59,15
3/5/2019 14:59,62
3/5/2019 14:59,15
3/5/2019 14:59,46
3/5/2019 14:59,15
3/5/2019 14:59,15
3/5/2019 15:02,0
3/5/2019 15:02,15
3/5/2019 15:02,62
3/5/2019 15:02,78
3/5/2019 15:02,15
3/5/2019 15:02,15
3/5/2019 15:04,31
3/5/2019 15:04,0
3/5/2019 15:04,15
3/5/2019 15:04,15
3/5/2019 15:04,15
3/5/2019 15:04,31
3/5/2019 15:04,15
3/5/2019 15:04,0
3/5/2019 15:04,15
3/5/2019 15:04,0
3/5/2019 15:04,15
3/5/2019 15:05,0
3/5/2019 15:05,31
3/5/2019 15:05,0
3/5/2019 15:05,15
3/5/2019 15:05,0
3/5/2019 15:05,0
3/5/2019 15:05,0
3/5/2019 15:05,31
3/5/2019 15:06,15
3/5/2019 15:06,15
3/5/2019 15:07,15
3/5/2019 15:07,15
3/5/2019 15:07,0
3/5/2019 15:07,15
3/5/2019 15:07,15
3/5/2019 15:07,15
3/5/2019 15:07,0
3/5/2019 15:07,0
3/5/2019 15:07,15
3/5/2019 15:07,15
3/5/2019 15:07,15
3/5/2019 15:10,15
3/5/2019 15:10,15
3/5/2019 15:10,15
3/5/2019 15:10,171
3/5/2019 15:10,15
3/5/2019 15:14,15
3/5/2019 15:14,15
3/5/2019 15:14,0
3/5/2019 15:14,15
3/5/2019 15:14,0
3/5/2019 15:14,15
3/5/2019 15:14,15
3/5/2019 15:19,15
3/5/2019 15:19,15
3/5/2019 15:19,0
3/5/2019 15:19,15
3/5/2019 15:19,0
3/5/2019 15:19,15
3/5/2019 15:19,15
3/5/2019 15:19,15
3/5/2019 15:23,15
3/5/2019 15:23,15
3/5/2019 15:23,15
3/5/2019 15:23,0
3/5/2019 15:23,46
3/5/2019 15:24,46
3/5/2019 15:24,15
3/5/2019 15:24,15
3/5/2019 15:24,15
3/5/2019 15:24,31
3/5/2019 15:25,15
3/5/2019 15:25,15
3/5/2019 15:25,15
3/5/2019 15:25,15
3/5/2019 15:25,359
3/5/2019 15:25,171
3/5/2019 15:25,203
3/5/2019 15:25,15
3/5/2019 15:25,62
3/5/2019 15:25,15
3/5/2019 15:28,93
3/5/2019 15:28,15
3/5/2019 15:28,31
3/5/2019 15:28,0
3/5/2019 15:28,0
3/5/2019 15:28,15
3/5/2019 15:28,15
3/5/2019 15:30,0
3/5/2019 15:30,0
3/5/2019 15:30,0
3/5/2019 15:31,15
3/5/2019 15:31,15
3/5/2019 15:31,15
3/5/2019 15:31,109
3/5/2019 15:31,15
3/5/2019 15:31,15
3/5/2019 15:31,31
3/5/2019 15:31,15
3/5/2019 15:31,15
3/5/2019 15:31,15
3/5/2019 15:31,15
3/5/2019 15:31,15
3/5/2019 15:31,15
3/5/2019 15:31,31
3/5/2019 15:31,31
3/5/2019 15:31,15
3/5/2019 15:31,0
3/5/2019 15:31,15
3/5/2019 15:31,15
3/5/2019 15:31,15
3/5/2019 15:31,15
3/5/2019 15:31,15
3/5/2019 15:31,15
3/5/2019 15:32,0
3/5/2019 15:32,0
3/5/2019 15:32,0
3/5/2019 15:32,15
3/5/2019 15:33,15
3/5/2019 15:33,0
3/5/2019 15:34,15
3/5/2019 15:34,15
3/5/2019 15:34,453
3/5/2019 15:34,453
3/5/2019 15:34,31
3/5/2019 15:34,15
3/5/2019 15:34,0
3/5/2019 15:34,15
3/5/2019 15:34,953
3/5/2019 15:34,15
3/5/2019 15:34,15
3/5/2019 15:34,15
3/5/2019 15:34,15
3/5/2019 15:34,15
3/5/2019 15:34,0
3/5/2019 15:34,15
3/5/2019 15:34,15
3/5/2019 15:34,15
3/5/2019 15:34,31
3/5/2019 15:34,15
3/5/2019 15:34,343
3/5/2019 15:34,0
3/5/2019 15:34,0
3/5/2019 15:34,15
3/5/2019 15:34,500
3/5/2019 15:34,15
3/5/2019 15:36,31
3/5/2019 15:36,15
3/5/2019 15:36,15
3/5/2019 15:36,0
3/5/2019 15:36,15
3/5/2019 15:36,0
3/5/2019 15:36,15
3/5/2019 15:36,15
3/5/2019 15:37,15
3/5/2019 15:37,109
3/5/2019 15:38,15
3/5/2019 15:38,31
3/5/2019 15:39,15
3/5/2019 15:39,62
3/5/2019 15:39,0
3/5/2019 15:39,15
3/5/2019 15:39,0
3/5/2019 15:39,15
3/5/2019 15:39,15
3/5/2019 15:39,31
3/5/2019 15:39,31
3/5/2019 15:39,0
3/5/2019 15:39,31
3/5/2019 15:39,15
3/5/2019 15:39,31
3/5/2019 15:39,31
3/5/2019 15:39,15
3/5/2019 15:40,15
3/5/2019 15:40,46
3/5/2019 15:42,250
3/5/2019 15:42,15
3/5/2019 15:42,2140
3/5/2019 15:45,46
3/5/2019 15:45,78
3/5/2019 15:45,62
3/5/2019 15:47,62
3/5/2019 15:48,156
3/5/2019 15:49,31
3/5/2019 15:49,15
3/5/2019 15:49,93
3/5/2019 15:49,46
3/5/2019 15:50,93
3/5/2019 15:50,93
3/5/2019 15:50,124
3/5/2019 15:50,31
3/5/2019 15:50,78
3/5/2019 15:50,2328
3/5/2019 15:50,2265
3/5/2019 15:50,93
3/5/2019 15:50,15
3/5/2019 15:50,109
3/5/2019 15:50,109
3/5/2019 15:50,46
3/5/2019 15:50,93
3/5/2019 15:50,62
3/5/2019 15:50,62
3/5/2019 15:50,328
3/5/2019 15:50,156
3/5/2019 15:50,218
3/5/2019 15:50,359
3/5/2019 15:50,31
3/5/2019 15:50,78
3/5/2019 15:50,15
3/5/2019 15:50,265
3/5/2019 15:50,296
3/5/2019 15:50,0
3/5/2019 15:50,15
3/5/2019 15:50,46
3/5/2019 15:50,78
3/5/2019 15:50,15
3/5/2019 15:50,62
3/5/2019 15:50,15
3/5/2019 15:50,46
3/5/2019 15:50,93
3/5/2019 15:51,78
3/5/2019 15:51,109
3/5/2019 15:51,93
3/5/2019 15:51,46
3/5/2019 15:51,15
3/5/2019 15:51,15
3/5/2019 15:51,46
3/5/2019 15:51,31
3/5/2019 15:51,31
3/5/2019 15:51,46
3/5/2019 15:51,46
3/5/2019 15:51,31
3/5/2019 15:51,140
3/5/2019 15:52,31
3/5/2019 15:55,15
3/5/2019 15:55,31
3/5/2019 15:55,0
3/5/2019 15:55,15
3/5/2019 15:55,62
3/5/2019 15:56,62
3/5/2019 15:56,15
3/5/2019 15:57,2343
3/5/2019 15:57,2343
3/5/2019 15:57,343
3/5/2019 15:57,15
3/5/2019 15:57,15
3/5/2019 15:57,46
3/5/2019 15:57,2062
3/5/2019 15:57,2062
3/5/2019 15:57,15
3/5/2019 15:57,46
3/5/2019 15:57,62
3/5/2019 15:57,140
3/5/2019 15:57,281
3/5/2019 15:57,312
3/5/2019 15:57,390
3/5/2019 15:57,15
3/5/2019 15:57,125
3/5/2019 15:57,15
3/5/2019 15:57,46
3/5/2019 15:57,109
3/5/2019 15:57,46
3/5/2019 15:57,78
3/5/2019 15:57,109
3/5/2019 15:58,46
3/5/2019 15:58,31
3/5/2019 15:58,109
3/5/2019 15:58,15
3/5/2019 15:58,156
3/5/2019 15:58,93
3/5/2019 15:58,2156
3/5/2019 15:58,31
3/5/2019 15:58,78
3/5/2019 15:58,109
3/5/2019 15:58,140
3/5/2019 15:58,78
3/5/2019 15:58,125
3/5/2019 15:58,187
3/5/2019 15:58,93
3/5/2019 15:58,78
3/5/2019 15:58,140
3/5/2019 15:58,62
3/5/2019 15:58,78
3/5/2019 15:58,2125
3/5/2019 15:58,109
3/5/2019 15:58,78
3/5/2019 15:58,15
3/5/2019 15:58,31
3/5/2019 15:58,93
3/5/2019 15:58,109
3/5/2019 15:59,78
3/5/2019 15:59,2078
3/5/2019 15:59,46
3/5/2019 15:59,62
3/5/2019 15:59,46
3/5/2019 15:59,62
3/5/2019 15:59,78
3/5/2019 15:59,46
3/5/2019 15:59,78
3/5/2019 15:59,62
3/5/2019 15:59,78
3/5/2019 15:59,31
3/5/2019 15:59,140
3/5/2019 15:59,109
3/5/2019 15:59,15
3/5/2019 15:59,15
3/5/2019 15:59,2078
3/5/2019 15:59,46
3/5/2019 15:59,46
3/5/2019 15:59,62
3/5/2019 15:59,31
3/5/2019 15:59,46
3/5/2019 15:59,15
3/5/2019 15:59,46
3/5/2019 15:59,15
3/5/2019 15:59,46
3/5/2019 15:59,15
3/5/2019 15:59,15
3/5/2019 15:59,31
3/5/2019 15:59,3734
3/5/2019 16:00,93
3/5/2019 16:00,109
3/5/2019 16:00,78
3/5/2019 16:00,156
3/5/2019 16:00,78
3/5/2019 16:00,62
3/5/2019 16:00,109
3/5/2019 16:00,62
3/5/2019 16:00,15
3/5/2019 16:00,78
3/5/2019 16:00,15
3/5/2019 16:00,140
3/5/2019 16:00,171
3/5/2019 16:00,46
3/5/2019 16:00,31
3/5/2019 16:00,125
3/5/2019 16:00,93
3/5/2019 16:00,31
3/5/2019 16:00,62
3/5/2019 16:00,62
3/5/2019 16:00,15
3/5/2019 16:00,31
3/5/2019 16:00,31
3/5/2019 16:01,109
3/5/2019 16:01,62
3/5/2019 16:01,31
3/5/2019 16:01,93
3/5/2019 16:01,62
3/5/2019 16:01,78
3/5/2019 16:01,2687
3/5/2019 16:01,2812
3/5/2019 16:01,31
3/5/2019 16:01,15
3/5/2019 16:01,46
3/5/2019 16:01,46
3/5/2019 16:01,62
3/5/2019 16:01,2328
3/5/2019 16:01,15
3/5/2019 16:01,31
3/5/2019 16:01,31
3/5/2019 16:01,78
3/5/2019 16:01,62
3/5/2019 16:01,0
3/5/2019 16:01,15
3/5/2019 16:01,62
3/5/2019 16:01,15
3/5/2019 16:02,31
3/5/2019 16:02,125
3/5/2019 16:02,31
3/5/2019 16:02,78
3/5/2019 16:02,46
3/5/2019 16:02,15
3/5/2019 16:02,62
3/5/2019 16:02,46
3/5/2019 16:02,15
3/5/2019 16:02,46
3/5/2019 16:02,15
3/5/2019 16:02,78
3/5/2019 16:02,62
3/5/2019 16:02,62
3/5/2019 16:02,1640
3/5/2019 16:02,15
3/5/2019 16:03,31
3/5/2019 16:03,109
3/5/2019 16:03,62
3/5/2019 16:03,2156
3/5/2019 16:03,46
3/5/2019 16:03,62
3/5/2019 16:03,109
3/5/2019 16:03,31
3/5/2019 16:04,46
3/5/2019 16:04,31
3/5/2019 16:04,15
3/5/2019 16:04,0
3/5/2019 16:04,109
3/5/2019 16:04,156
3/5/2019 16:04,124
3/5/2019 16:04,62
3/5/2019 16:04,62
3/5/2019 16:08,78
3/5/2019 16:08,78
3/5/2019 16:08,2187
3/5/2019 16:08,15
3/5/2019 16:08,93
3/5/2019 16:08,78
3/5/2019 16:08,31
3/5/2019 16:09,31
3/5/2019 16:09,78
3/5/2019 16:09,93
3/5/2019 16:09,62
3/5/2019 16:09,0
3/5/2019 16:09,46
3/5/2019 16:09,0
3/5/2019 16:09,93
3/5/2019 16:09,46
3/5/2019 16:10,234
3/5/2019 16:10,46
3/5/2019 16:10,46
3/5/2019 16:10,31
3/5/2019 16:10,187
3/5/2019 16:10,171
3/5/2019 16:10,140
3/5/2019 16:10,46
3/5/2019 16:10,15
3/5/2019 16:10,46
3/5/2019 16:10,15
3/5/2019 16:10,15
3/5/2019 16:10,15
3/5/2019 16:10,15
3/5/2019 16:10,31
3/5/2019 16:10,0
3/5/2019 16:10,15
3/5/2019 16:10,171
3/5/2019 16:10,15
3/5/2019 16:10,93
3/5/2019 16:10,31
3/5/2019 16:11,203
3/5/2019 16:11,218
3/5/2019 16:11,109
3/5/2019 16:11,46
3/5/2019 16:11,15
3/5/2019 16:11,62
3/5/2019 16:11,31
3/5/2019 16:11,15
3/5/2019 16:11,62
3/5/2019 16:11,62
3/5/2019 16:11,78
3/5/2019 16:12,62
3/5/2019 16:12,156
3/5/2019 16:12,78
3/5/2019 16:12,78
3/5/2019 16:12,15
3/5/2019 16:12,0
3/5/2019 16:13,109
3/5/2019 16:13,15
3/5/2019 16:13,15
3/5/2019 16:13,15
3/5/2019 16:13,31
3/5/2019 16:13,156
3/5/2019 16:14,31
3/5/2019 16:14,140
3/5/2019 16:14,0
3/5/2019 16:14,62
3/5/2019 16:14,78
3/5/2019 16:14,62
3/5/2019 16:14,2125
3/5/2019 16:14,31
3/5/2019 16:14,46
3/5/2019 16:15,78
3/5/2019 16:15,46
3/5/2019 16:15,171
3/5/2019 16:15,15
3/5/2019 16:15,46
3/5/2019 16:16,31
3/5/2019 16:16,46
3/5/2019 16:16,15
3/5/2019 16:16,0
3/5/2019 16:16,31
3/5/2019 16:17,281
3/5/2019 16:18,46
3/5/2019 16:18,46
3/5/2019 16:18,46
3/5/2019 16:18,93
3/5/2019 16:18,46
3/5/2019 16:18,15
3/5/2019 16:19,31
3/5/2019 16:19,62
3/5/2019 16:19,46
3/5/2019 16:19,62
3/5/2019 16:19,125
3/5/2019 16:19,109
3/5/2019 16:20,31
3/5/2019 16:20,15
3/5/2019 16:20,31
3/5/2019 16:20,15
3/5/2019 16:20,15
3/5/2019 16:21,2125
3/5/2019 16:21,2125
3/5/2019 16:21,62
3/5/2019 16:21,15
3/5/2019 16:21,15
3/5/2019 16:21,15
3/5/2019 16:21,62
3/5/2019 16:22,109
3/5/2019 16:22,156
3/5/2019 16:22,62
3/5/2019 16:23,93
3/5/2019 16:23,31
3/5/2019 16:23,15
3/5/2019 16:23,15
3/5/2019 16:24,62
3/5/2019 16:25,15
3/5/2019 16:25,46
3/5/2019 16:25,46
3/5/2019 16:25,46
3/5/2019 16:25,78
3/5/2019 16:25,31
3/5/2019 16:25,15
3/5/2019 16:25,46
3/5/2019 16:25,62
3/5/2019 16:25,15
3/5/2019 16:25,15
3/5/2019 16:25,31
3/5/2019 16:25,2234
3/5/2019 16:25,140
3/5/2019 16:26,46
3/5/2019 16:26,93
3/5/2019 16:26,46
3/5/2019 16:26,62
3/5/2019 16:26,31
3/5/2019 16:26,124
3/5/2019 16:26,156
3/5/2019 16:26,78
3/5/2019 16:26,46
3/5/2019 16:26,31
3/5/2019 16:26,93
3/5/2019 16:26,15
3/5/2019 16:26,46
3/5/2019 16:26,125
3/5/2019 16:26,171
3/5/2019 16:26,46
3/5/2019 16:26,46
3/5/2019 16:26,78
3/5/2019 16:27,15
3/5/2019 16:27,46
3/5/2019 16:27,93
3/5/2019 16:27,62
3/5/2019 16:27,93
3/5/2019 16:28,0
3/5/2019 16:28,31
3/5/2019 16:28,15
3/5/2019 16:28,31
3/5/2019 16:28,171
3/5/2019 16:28,812
3/5/2019 16:29,93
3/5/2019 16:29,203
3/5/2019 16:29,500
3/5/2019 16:30,140
3/5/2019 16:30,31
3/5/2019 16:30,46
3/5/2019 16:30,31
3/5/2019 16:30,31
3/5/2019 16:30,31
3/5/2019 16:31,93
3/5/2019 16:31,31
3/5/2019 16:31,31
3/5/2019 16:31,46
3/5/2019 16:31,0
3/5/2019 16:31,62
3/5/2019 16:31,46
3/5/2019 16:31,0
3/5/2019 16:32,31
3/5/2019 16:32,15
3/5/2019 16:32,15
3/5/2019 16:32,46
3/5/2019 16:32,15
3/5/2019 16:32,62
3/5/2019 16:32,15
3/5/2019 16:32,15
3/5/2019 16:32,15
3/5/2019 16:33,109
3/5/2019 16:33,15
3/5/2019 16:33,15
3/5/2019 16:33,31
3/5/2019 16:33,15
3/5/2019 16:33,46
3/5/2019 16:33,15
3/5/2019 16:33,781
3/5/2019 16:33,15
3/5/2019 16:33,62
3/5/2019 16:33,2046
3/5/2019 16:33,46
3/5/2019 16:33,62
3/5/2019 16:33,15
3/5/2019 16:33,15
3/5/2019 16:33,46
3/5/2019 16:33,78
3/5/2019 16:33,62
3/5/2019 16:33,46
3/5/2019 16:34,312
3/5/2019 16:34,4125
3/5/2019 16:34,562
3/5/2019 16:34,703
3/5/2019 16:34,46
3/5/2019 16:34,15
3/5/2019 16:34,31
3/5/2019 16:34,15
3/5/2019 16:34,62
3/5/2019 16:34,15
3/5/2019 16:34,15
3/5/2019 16:34,15
3/5/2019 16:35,62
3/5/2019 16:35,31
3/5/2019 16:35,15
3/5/2019 16:35,31
3/5/2019 16:35,46
3/5/2019 16:36,46
3/5/2019 16:36,46
3/5/2019 16:37,15
3/5/2019 16:37,46
3/5/2019 16:37,46
3/5/2019 16:37,46
3/5/2019 16:37,31
3/5/2019 16:38,15
3/5/2019 16:38,31
3/5/2019 16:38,0
3/5/2019 16:38,93
3/5/2019 16:38,62
3/5/2019 16:38,62
3/5/2019 16:38,15
3/5/2019 16:38,46
3/5/2019 16:38,15
3/5/2019 16:38,15
3/5/2019 16:38,62
3/5/2019 16:38,0
3/5/2019 16:38,15
3/5/2019 16:38,46
3/5/2019 16:39,156
3/5/2019 16:39,203
3/5/2019 16:40,15
3/5/2019 16:40,15
3/5/2019 16:40,62
3/5/2019 16:40,31
3/5/2019 16:40,15
3/5/2019 16:40,46
3/5/2019 16:40,31
3/5/2019 16:40,31
3/5/2019 16:40,15
3/5/2019 16:40,0
3/5/2019 16:40,46
3/5/2019 16:41,62
3/5/2019 16:41,31
3/5/2019 16:41,62
3/5/2019 16:41,46
3/5/2019 16:41,0
3/5/2019 16:41,62
3/5/2019 16:50,109
3/5/2019 16:50,187
3/5/2019 16:50,31
3/5/2019 16:50,0
3/5/2019 16:57,31
3/5/2019 16:57,15
3/5/2019 16:57,31
3/5/2019 16:57,31
3/5/2019 17:05,62
3/5/2019 17:08,296
3/5/2019 17:08,78
3/5/2019 17:08,93
3/5/2019 17:08,62
3/5/2019 17:08,46
3/5/2019 17:11,31
3/5/2019 17:11,15
3/5/2019 17:11,31
3/5/2019 17:11,15
3/5/2019 17:12,234
3/5/2019 17:12,265
3/5/2019 17:12,31
3/5/2019 17:12,15
3/5/2019 17:12,15
3/5/2019 17:12,15
3/5/2019 17:14,968
3/5/2019 17:14,546
3/5/2019 17:14,93
3/5/2019 17:14,15
3/5/2019 17:14,0
3/5/2019 17:14,15
3/5/2019 17:14,15
3/5/2019 17:15,15
3/5/2019 17:15,31
3/5/2019 17:15,15
3/5/2019 17:15,15
3/5/2019 17:15,46
3/5/2019 17:15,0
3/5/2019 17:15,437
3/5/2019 17:15,31
3/5/2019 17:15,312
3/5/2019 17:15,1343
3/5/2019 17:15,1015
3/5/2019 17:15,15
3/5/2019 17:16,15
3/5/2019 17:16,0
3/5/2019 17:17,15
3/5/2019 17:17,15
3/5/2019 17:17,15
3/5/2019 17:17,0
3/5/2019 17:17,46
3/5/2019 17:17,31
3/5/2019 17:17,1187
3/5/2019 17:17,0
3/5/2019 17:17,0
3/5/2019 17:17,656
3/5/2019 17:17,0
3/5/2019 17:17,0
3/5/2019 17:17,171
3/5/2019 17:17,15
3/5/2019 17:17,78
3/5/2019 17:17,93
3/5/2019 17:17,15
3/5/2019 17:17,0
3/5/2019 17:17,1015
3/5/2019 17:17,15
3/5/2019 17:17,0
3/5/2019 17:17,0
3/5/2019 17:17,15
3/5/2019 17:17,0
3/5/2019 17:17,15
3/5/2019 17:17,0
3/5/2019 17:17,15
3/5/2019 17:17,0
3/5/2019 17:17,15
3/5/2019 17:17,0
3/5/2019 17:17,62
3/5/2019 17:17,765
3/5/2019 17:17,15
3/5/2019 17:17,93
3/5/2019 17:17,109
3/5/2019 17:17,15
3/5/2019 17:17,0
3/5/2019 17:18,15
3/5/2019 17:18,15
3/5/2019 17:18,15
3/5/2019 17:18,796
3/5/2019 17:18,31
3/5/2019 17:18,15
3/5/2019 17:18,31
3/5/2019 17:19,46
3/5/2019 17:19,31
3/5/2019 17:19,0
3/5/2019 17:19,15
3/5/2019 17:19,31
3/5/2019 17:19,62
3/5/2019 17:19,625
3/5/2019 17:19,62
3/5/2019 17:19,15
3/5/2019 17:19,15
3/5/2019 17:19,46
3/5/2019 17:19,46
3/5/2019 17:19,78
3/5/2019 17:19,15
3/5/2019 17:20,15
3/5/2019 17:20,406
3/5/2019 17:20,0
3/5/2019 17:20,406
3/5/2019 17:20,15
3/5/2019 17:20,312
3/5/2019 17:21,15
3/5/2019 17:21,15
3/5/2019 17:21,31
3/5/2019 17:21,0
3/5/2019 17:21,0
3/5/2019 17:21,93
3/5/2019 17:21,15
3/5/2019 17:21,15
3/5/2019 17:21,78
3/5/2019 17:21,93
3/5/2019 17:21,46
3/5/2019 17:21,31
3/5/2019 17:21,15
3/5/2019 17:22,171
3/5/2019 17:22,1140
3/5/2019 17:22,31
3/5/2019 17:22,15
3/5/2019 17:23,15
3/5/2019 17:23,78
3/5/2019 17:23,0
3/5/2019 17:23,2062
3/5/2019 17:23,15
3/5/2019 17:23,0
3/5/2019 17:23,15
3/5/2019 17:23,0
3/5/2019 17:23,15
3/5/2019 17:23,0
3/5/2019 17:23,15
3/5/2019 17:23,0
3/5/2019 17:23,0
3/5/2019 17:24,31
3/5/2019 17:24,15
3/5/2019 17:24,31
3/5/2019 17:24,15
3/5/2019 17:24,15
3/5/2019 17:24,78
3/5/2019 17:24,0
3/5/2019 17:24,0
3/5/2019 17:24,15
3/5/2019 17:24,156
3/5/2019 17:25,15
3/5/2019 17:27,15
3/5/2019 17:27,15
3/5/2019 17:27,31
3/5/2019 17:28,62
3/5/2019 17:28,62
3/5/2019 17:28,15
3/5/2019 17:28,0
3/5/2019 17:28,0
3/5/2019 17:28,0
3/5/2019 17:28,0
3/5/2019 17:29,15
3/5/2019 17:30,31
3/5/2019 17:30,62
3/5/2019 17:30,46
3/5/2019 17:30,124
3/5/2019 17:30,62
3/5/2019 17:30,62
3/5/2019 17:30,15
3/5/2019 17:31,109
3/5/2019 17:31,468
3/5/2019 17:31,484
3/5/2019 17:31,46
3/5/2019 17:31,15
3/5/2019 17:31,0
3/5/2019 17:31,15
3/5/2019 17:31,15
3/5/2019 17:31,15
3/5/2019 17:31,0
3/5/2019 17:31,15
3/5/2019 17:32,468
3/5/2019 17:32,656
3/5/2019 17:32,765
3/5/2019 17:32,15
3/5/2019 17:32,15
3/5/2019 17:32,31
3/5/2019 17:32,312
3/5/2019 17:33,750
3/5/2019 17:33,15
3/5/2019 17:33,31
3/5/2019 17:33,15
3/5/2019 17:33,15
3/5/2019 17:33,671
3/5/2019 17:34,15
3/5/2019 17:34,15
3/5/2019 17:34,15
3/5/2019 17:34,1031
3/5/2019 17:34,1062
3/5/2019 17:34,15
3/5/2019 17:34,109
3/5/2019 17:34,31
3/5/2019 17:34,0
3/5/2019 17:34,1046
3/5/2019 17:34,0
3/5/2019 17:34,15
3/5/2019 17:34,500
3/5/2019 17:34,31
3/5/2019 17:34,31
3/5/2019 17:34,15
3/5/2019 17:34,46
3/5/2019 17:34,109
3/5/2019 17:34,62
3/5/2019 17:34,31
3/5/2019 17:34,15
3/5/2019 17:34,15
3/5/2019 17:34,109
3/5/2019 17:34,0
3/5/2019 17:34,62
3/5/2019 17:34,765
3/5/2019 17:35,0
3/5/2019 17:35,140
3/5/2019 17:35,140
3/5/2019 17:35,15
3/5/2019 17:35,15
3/5/2019 17:35,718
3/5/2019 17:35,15
3/5/2019 17:35,31
3/5/2019 17:35,531
3/5/2019 17:35,468
3/5/2019 17:35,15
3/5/2019 17:35,953
3/5/2019 17:35,15
3/5/2019 17:35,15
3/5/2019 17:36,46
3/5/2019 17:36,93
3/5/2019 17:36,46
3/5/2019 17:36,46
3/5/2019 17:36,15
3/5/2019 17:36,0
3/5/2019 17:36,15
3/5/2019 17:36,62
3/5/2019 17:36,15
3/5/2019 17:36,62
3/5/2019 17:36,1062
3/5/2019 17:37,15
3/5/2019 17:37,31
3/5/2019 17:38,46
3/5/2019 17:38,375
3/5/2019 17:38,15
3/5/2019 17:38,46
3/5/2019 17:39,46
3/5/2019 17:39,15
3/5/2019 17:39,62
3/5/2019 17:39,921
3/5/2019 17:39,0
3/5/2019 17:39,15
3/5/2019 17:39,15
3/5/2019 17:39,15
3/5/2019 17:39,15
3/5/2019 17:39,15
3/5/2019 17:39,31
3/5/2019 17:39,62
3/5/2019 17:40,390
3/5/2019 17:40,15
3/5/2019 17:40,0
3/5/2019 17:40,593
3/5/2019 17:40,1015
3/5/2019 17:40,31
3/5/2019 17:40,703
3/5/2019 17:40,62
3/5/2019 17:40,437
3/5/2019 17:40,31
3/5/2019 17:40,15
3/5/2019 17:40,15
3/5/2019 17:40,15
3/5/2019 17:41,781
3/5/2019 17:41,46
3/5/2019 17:41,15
3/5/2019 17:41,187
3/5/2019 17:41,31
3/5/2019 17:41,62
3/5/2019 17:41,15
3/5/2019 17:41,0
3/5/2019 17:41,265
3/5/2019 17:41,15
3/5/2019 17:41,328
3/5/2019 17:41,31
3/5/2019 17:41,15
3/5/2019 17:41,31
3/5/2019 17:41,78
3/5/2019 17:41,671
3/5/2019 17:41,218
3/5/2019 17:41,46
3/5/2019 17:41,62
3/5/2019 17:41,0
3/5/2019 17:41,15
3/5/2019 17:41,15
3/5/2019 17:41,0
3/5/2019 17:41,15
3/5/2019 17:41,31
3/5/2019 17:41,62
3/5/2019 17:42,15
3/5/2019 17:42,62
3/5/2019 17:42,15
3/5/2019 17:42,31
3/5/2019 17:42,46
3/5/2019 17:42,31
3/5/2019 17:42,124
3/5/2019 17:42,125
3/5/2019 17:42,375
3/5/2019 17:42,46
3/5/2019 17:42,15
3/5/2019 17:43,15
3/5/2019 17:43,46
3/5/2019 17:43,46
3/5/2019 17:43,15
3/5/2019 17:43,15
3/5/2019 17:43,2203
3/5/2019 17:43,62
3/5/2019 17:43,31
3/5/2019 17:43,15
3/5/2019 17:43,62
3/5/2019 17:43,234
3/5/2019 17:43,46
3/5/2019 17:43,15
3/5/2019 17:43,62
3/5/2019 17:43,46
3/5/2019 17:43,31
3/5/2019 17:43,0
3/5/2019 17:43,15
3/5/2019 17:43,15
3/5/2019 17:43,46
3/5/2019 17:43,15
3/5/2019 17:44,31
3/5/2019 17:44,15
3/5/2019 17:44,78
3/5/2019 17:44,31
3/5/2019 17:44,15
3/5/2019 17:44,0
3/5/2019 17:45,62
3/5/2019 17:45,31
3/5/2019 17:45,15
3/5/2019 17:45,46
3/5/2019 17:45,62
3/5/2019 17:45,31
3/5/2019 17:45,93
3/5/2019 17:45,31
3/5/2019 17:45,15
3/5/2019 17:45,46
3/5/2019 17:45,15
3/5/2019 17:48,125
3/5/2019 17:48,62
3/5/2019 17:48,93
3/5/2019 17:48,31
3/5/2019 17:48,62
3/5/2019 17:48,46
3/5/2019 17:48,62
3/5/2019 17:48,15
3/5/2019 17:48,140
3/5/2019 17:48,62
3/5/2019 17:48,62
3/5/2019 17:48,93
3/5/2019 17:48,109
3/5/2019 17:49,93
3/5/2019 17:49,62
3/5/2019 17:49,31
3/5/2019 17:51,187
3/5/2019 17:51,15
3/5/2019 17:51,78
3/5/2019 17:53,46
3/5/2019 17:53,31
3/5/2019 17:53,31
3/5/2019 17:53,15
3/5/2019 17:53,578
3/5/2019 17:53,687
3/5/2019 17:53,15
3/5/2019 17:53,15
3/5/2019 17:53,15
3/5/2019 17:53,15
3/5/2019 17:53,46
3/5/2019 17:53,0
3/5/2019 17:54,62
3/5/2019 17:54,125
3/5/2019 17:54,0
3/5/2019 17:54,15
3/5/2019 17:55,31
3/5/2019 17:55,15
3/5/2019 17:55,15
3/5/2019 17:55,15
3/5/2019 17:55,0
3/5/2019 17:55,31
3/5/2019 17:55,31
3/5/2019 17:55,0
3/5/2019 17:55,0
3/5/2019 17:55,15
3/5/2019 17:55,484
3/5/2019 17:55,953
3/5/2019 17:55,218
3/5/2019 17:55,218
3/5/2019 17:55,15
3/5/2019 17:55,46
3/5/2019 17:55,15
3/5/2019 17:55,15
3/5/2019 17:55,234
3/5/2019 17:55,359
3/5/2019 17:55,31
3/5/2019 17:55,46
3/5/2019 17:55,812
3/5/2019 17:55,46
3/5/2019 17:56,187
3/5/2019 17:56,234
3/5/2019 17:56,31
3/5/2019 17:56,15
3/5/2019 17:56,78
3/5/2019 17:56,1296
3/5/2019 17:56,578
3/5/2019 17:56,281
3/5/2019 17:56,46
3/5/2019 17:56,15
3/5/2019 17:58,125
3/5/2019 17:58,281
3/5/2019 17:58,46
3/5/2019 17:58,78
3/5/2019 17:58,15
3/5/2019 17:58,46
3/5/2019 17:59,15
3/5/2019 17:59,31
3/5/2019 17:59,46
3/5/2019 17:59,15
3/5/2019 17:59,46
3/5/2019 17:59,31
3/5/2019 18:00,1062
3/5/2019 18:00,718
3/5/2019 18:00,0
3/5/2019 18:00,875
3/5/2019 18:00,15
3/5/2019 18:00,31
3/5/2019 18:00,0
3/5/2019 18:00,15
3/5/2019 18:00,78
3/5/2019 18:01,15
3/5/2019 18:01,46
3/5/2019 18:01,0
3/5/2019 18:01,31
3/5/2019 18:01,46
3/5/2019 18:01,31
3/5/2019 18:01,31
3/5/2019 18:01,46
3/5/2019 18:01,15
3/5/2019 18:01,15
3/5/2019 18:01,15
3/5/2019 18:01,31
3/5/2019 18:01,15
3/5/2019 18:01,31
3/5/2019 18:02,31
3/5/2019 18:02,62
3/5/2019 18:02,15
3/5/2019 18:02,953
3/5/2019 18:06,125
3/5/2019 18:06,750
3/5/2019 18:06,15
3/5/2019 18:06,15
3/5/2019 18:07,156
3/5/2019 18:07,15
3/5/2019 18:14,93
3/5/2019 18:15,31
3/5/2019 18:15,15
3/5/2019 18:15,31
3/5/2019 18:15,93
3/5/2019 18:16,31
3/5/2019 18:16,15
3/5/2019 18:16,78
3/5/2019 18:16,15
3/5/2019 18:16,187
3/5/2019 18:17,109
3/5/2019 18:17,93
3/5/2019 18:17,62
3/5/2019 18:17,46
3/5/2019 18:20,15
3/5/2019 18:20,15
3/5/2019 18:20,15
3/5/2019 18:20,31
3/5/2019 18:20,15
3/5/2019 18:20,15
3/5/2019 18:24,187
3/5/2019 18:24,140
3/5/2019 18:24,15
3/5/2019 18:24,15
3/5/2019 18:24,796
3/5/2019 18:24,46
3/5/2019 18:24,31
3/5/2019 18:24,46
3/5/2019 18:24,15
3/5/2019 18:24,46
3/5/2019 18:24,78
3/5/2019 18:24,15
3/5/2019 18:24,15
3/5/2019 18:24,15
3/5/2019 18:24,15
3/5/2019 18:25,62
3/5/2019 18:25,78
3/5/2019 18:25,15
3/5/2019 18:25,31
3/5/2019 18:25,0
3/5/2019 18:25,46
3/5/2019 18:25,62
3/5/2019 18:25,46
3/5/2019 18:25,15
3/5/2019 18:25,15
3/5/2019 18:25,343
3/5/2019 18:25,0
3/5/2019 18:26,31
3/5/2019 18:26,31
3/5/2019 18:26,15
3/5/2019 18:26,31
3/5/2019 18:26,15
3/5/2019 18:26,31
3/5/2019 18:28,15
3/5/2019 18:28,46
3/5/2019 18:28,31
3/5/2019 18:28,15
3/5/2019 18:29,140
3/5/2019 18:29,156
3/5/2019 18:29,15
3/5/2019 18:29,46
3/5/2019 18:29,15
3/5/2019 18:29,0
3/5/2019 18:30,15
3/5/2019 18:30,46
3/5/2019 18:30,15
3/5/2019 18:30,15
3/5/2019 18:30,140
3/5/2019 18:31,15
3/5/2019 18:31,15
3/5/2019 18:31,46
3/5/2019 18:31,1156
3/5/2019 18:32,15
3/5/2019 18:32,765
3/5/2019 18:32,765
3/5/2019 18:32,15
3/5/2019 18:32,15
3/5/2019 18:32,15
3/5/2019 18:32,0
3/5/2019 18:36,15
3/5/2019 18:36,78
3/5/2019 18:36,0
3/5/2019 18:36,62
3/5/2019 18:42,875
3/5/2019 18:42,875
3/5/2019 18:42,625
3/5/2019 18:42,15
3/5/2019 18:42,15
3/5/2019 18:43,31
3/5/2019 18:43,15
3/5/2019 18:43,15
3/5/2019 18:43,15
3/5/2019 18:43,15
3/5/2019 18:43,15
3/5/2019 18:44,15
3/5/2019 18:44,0
3/5/2019 18:44,15
3/5/2019 18:44,0
3/5/2019 18:44,15
3/5/2019 18:44,0
3/5/2019 18:44,124
3/5/2019 18:44,62
3/5/2019 18:44,62
3/5/2019 18:44,15
3/5/2019 18:45,15
3/5/2019 18:45,0
3/5/2019 18:46,0
3/5/2019 18:46,62
3/5/2019 18:46,1203
3/5/2019 18:46,31
3/5/2019 18:48,46
3/5/2019 18:48,15
3/5/2019 18:48,0
3/5/2019 18:48,15
3/5/2019 18:48,62
3/5/2019 18:48,46
3/5/2019 18:48,46
3/5/2019 18:48,93
3/5/2019 18:48,31
3/5/2019 18:48,0
3/5/2019 18:48,0
3/5/2019 18:49,62
3/5/2019 18:49,15
3/5/2019 18:49,0
3/5/2019 18:49,390
3/5/2019 18:49,578
3/5/2019 18:49,31
3/5/2019 18:49,0
3/5/2019 18:49,15
3/5/2019 18:49,15
3/5/2019 18:49,15
3/5/2019 18:49,15
3/5/2019 18:49,62
3/5/2019 18:49,46
3/5/2019 18:50,78
3/5/2019 18:50,15
3/5/2019 18:50,31
3/5/2019 18:50,15
3/5/2019 18:50,15
3/5/2019 18:50,15
3/5/2019 18:50,78
3/5/2019 18:50,31
3/5/2019 18:50,156
3/5/2019 18:50,15
3/5/2019 18:50,78
3/5/2019 18:50,46
3/5/2019 18:50,46
3/5/2019 18:51,15
3/5/2019 18:51,0
3/5/2019 18:51,46
3/5/2019 18:51,62
3/5/2019 18:51,874
3/5/2019 18:52,15
3/5/2019 18:51,906
3/5/2019 18:52,31
3/5/2019 18:53,15
3/5/2019 18:53,31
3/5/2019 18:53,0
3/5/2019 18:53,78
3/5/2019 18:54,500
3/5/2019 18:54,390
3/5/2019 18:54,46
3/5/2019 18:54,46
3/5/2019 18:54,171
3/5/2019 18:54,46
3/5/2019 18:54,31
3/5/2019 18:54,437
3/5/2019 18:54,859
3/5/2019 18:54,1218
3/5/2019 18:54,15
3/5/2019 18:54,15
3/5/2019 18:54,15
3/5/2019 18:54,124
3/5/2019 18:54,31
3/5/2019 18:55,687
3/5/2019 18:55,468
3/5/2019 18:55,15
3/5/2019 18:55,15
3/5/2019 18:55,15
3/5/2019 18:55,62
3/5/2019 18:55,31
3/5/2019 18:55,62
3/5/2019 18:55,15
3/5/2019 18:55,15
3/5/2019 18:55,0
3/5/2019 18:55,0
3/5/2019 18:55,62
3/5/2019 18:55,31
3/5/2019 18:55,62
3/5/2019 18:55,15
3/5/2019 18:55,875
3/5/2019 18:55,62
3/5/2019 18:55,546
3/5/2019 18:55,781
3/5/2019 18:55,453
3/5/2019 18:55,328
3/5/2019 18:55,31
3/5/2019 18:55,15
3/5/2019 18:55,906
3/5/2019 18:56,15
3/5/2019 18:56,62
3/5/2019 18:56,15
3/5/2019 18:56,15
3/5/2019 18:56,281
3/5/2019 18:56,343
3/5/2019 18:56,62
3/5/2019 18:56,46
3/5/2019 18:56,93
3/5/2019 18:56,93
3/5/2019 18:56,0
3/5/2019 18:56,15
3/5/2019 18:56,78
3/5/2019 18:57,1062
3/5/2019 18:57,1046
3/5/2019 18:57,15
3/5/2019 18:57,15
3/5/2019 18:57,140
3/5/2019 18:57,0
3/5/2019 18:57,78
3/5/2019 18:57,62
3/5/2019 18:57,62
3/5/2019 18:58,281
3/5/2019 18:58,406
3/5/2019 18:58,15
3/5/2019 18:58,78
3/5/2019 18:58,671
3/5/2019 18:58,640
3/5/2019 18:58,15
3/5/2019 18:58,93
3/5/2019 18:58,703
3/5/2019 18:58,484
3/5/2019 18:58,437
3/5/2019 18:58,46
3/5/2019 18:58,15
3/5/2019 18:58,15
3/5/2019 18:58,15
3/5/2019 18:59,171
3/5/2019 18:59,31
3/5/2019 18:59,15
3/5/2019 18:59,62
3/5/2019 18:59,15
3/5/2019 18:59,15
3/5/2019 18:59,78
3/5/2019 19:00,15
3/5/2019 19:00,31
3/5/2019 19:00,15
3/5/2019 19:00,15
3/5/2019 19:00,156
3/5/2019 19:02,15
3/5/2019 19:02,31
3/5/2019 19:02,62
3/5/2019 19:02,15
3/5/2019 19:02,1078
3/5/2019 19:02,1265
3/5/2019 19:02,0
3/5/2019 19:02,15
3/5/2019 19:03,0
3/5/2019 19:03,0
3/5/2019 19:03,15
3/5/2019 19:04,31
3/5/2019 19:04,1046
3/5/2019 19:04,1125
3/5/2019 19:04,46
3/5/2019 19:04,15
3/5/2019 19:04,15
3/5/2019 19:04,15
3/5/2019 19:04,62
3/5/2019 19:04,46
3/5/2019 19:04,31
3/5/2019 19:04,15
3/5/2019 19:04,15
3/5/2019 19:04,62
3/5/2019 19:04,15
3/5/2019 19:04,312
3/5/2019 19:04,312
3/5/2019 19:04,31
3/5/2019 19:04,46
3/5/2019 19:05,15
3/5/2019 19:05,15
3/5/2019 19:05,15
3/5/2019 19:05,0
3/5/2019 19:06,46
3/5/2019 19:06,15
3/5/2019 19:09,140
3/5/2019 19:09,15
3/5/2019 19:10,15
3/5/2019 19:10,93
3/5/2019 19:10,0
3/5/2019 19:10,0
3/5/2019 19:10,15
3/5/2019 19:10,31
3/5/2019 19:11,750
3/5/2019 19:11,734
3/5/2019 19:11,15
3/5/2019 19:12,15
3/5/2019 19:12,0
3/5/2019 19:12,62
3/5/2019 19:12,15
3/5/2019 19:13,15
3/5/2019 19:13,15
3/5/2019 19:13,15
3/5/2019 19:13,15
3/5/2019 19:13,31
3/5/2019 19:13,78
3/5/2019 19:14,46
3/5/2019 19:14,62
3/5/2019 19:14,62
3/5/2019 19:14,62
3/5/2019 19:15,1406
3/5/2019 19:15,15
3/5/2019 19:15,15
3/5/2019 19:15,0
3/5/2019 19:15,15
3/5/2019 19:15,46
3/5/2019 19:15,46
3/5/2019 19:16,15
3/5/2019 19:16,15
3/5/2019 19:16,31
3/5/2019 19:16,62
3/5/2019 19:16,46
3/5/2019 19:17,15
3/5/2019 19:19,0
3/5/2019 19:19,0
3/5/2019 19:19,15
3/5/2019 19:19,15
3/5/2019 19:20,15
3/5/2019 19:20,15
3/5/2019 19:20,15
3/5/2019 19:20,31
3/5/2019 19:20,15
3/5/2019 19:22,765
3/5/2019 19:22,890
3/5/2019 19:22,15
3/5/2019 19:22,46
3/5/2019 19:22,62
3/5/2019 19:22,62
3/5/2019 19:22,15
3/5/2019 19:22,15
3/5/2019 19:22,78
3/5/2019 19:22,890
3/5/2019 19:27,78
3/5/2019 19:27,15
3/5/2019 19:28,15
3/5/2019 19:28,46
3/5/2019 19:28,46
3/5/2019 19:28,31
3/5/2019 19:28,1015
3/5/2019 19:28,78
3/5/2019 19:28,31
3/5/2019 19:28,15
3/5/2019 19:28,31
3/5/2019 19:29,0
3/5/2019 19:29,62
3/5/2019 19:29,15
3/5/2019 19:29,62
3/5/2019 19:29,62
3/5/2019 19:30,31
3/5/2019 19:30,31
3/5/2019 19:30,15
3/5/2019 19:30,15
3/5/2019 19:30,31
3/5/2019 19:30,31
3/5/2019 19:30,46
3/5/2019 19:30,46
3/5/2019 19:30,203
3/5/2019 19:30,15
3/5/2019 19:30,62
3/5/2019 19:30,62
3/5/2019 19:30,15
3/5/2019 19:30,15
3/5/2019 19:30,2187
3/5/2019 19:30,46
3/5/2019 19:30,62
3/5/2019 19:30,31
3/5/2019 19:31,15
3/5/2019 19:31,62
3/5/2019 19:31,15
3/5/2019 19:31,31
3/5/2019 19:31,31
3/5/2019 19:31,0
3/5/2019 19:31,15
3/5/2019 19:31,31
3/5/2019 19:31,203
3/5/2019 19:31,15
3/5/2019 19:31,62
3/5/2019 19:31,15
3/5/2019 19:31,15
3/5/2019 19:31,31
3/5/2019 19:31,109
3/5/2019 19:32,31
3/5/2019 19:32,31
3/5/2019 19:32,46
3/5/2019 19:32,15
3/5/2019 19:33,15
3/5/2019 19:33,31
3/5/2019 19:33,15
3/5/2019 19:33,15
3/5/2019 19:33,15
3/5/2019 19:33,31
3/5/2019 19:33,31
3/5/2019 19:33,15
3/5/2019 19:33,46
3/5/2019 19:33,625
3/5/2019 19:33,546
3/5/2019 19:33,0
3/5/2019 19:33,15
3/5/2019 19:33,31
3/5/2019 19:34,31
3/5/2019 19:34,46
3/5/2019 19:34,15
3/5/2019 19:34,31
3/5/2019 19:34,0
3/5/2019 19:34,0
3/5/2019 19:34,46
3/5/2019 19:35,812
3/5/2019 19:35,62
3/5/2019 19:35,15
3/5/2019 19:35,0
3/5/2019 19:35,15
3/5/2019 19:35,31
3/5/2019 19:35,15
3/5/2019 19:35,62
3/5/2019 19:35,62
3/5/2019 19:35,31
3/5/2019 19:35,15
3/5/2019 19:35,46
3/5/2019 19:36,359
3/5/2019 19:36,250
3/5/2019 19:36,15
3/5/2019 19:36,78
3/5/2019 19:36,15
3/5/2019 19:36,62
3/5/2019 19:36,31
3/5/2019 19:36,15
3/5/2019 19:36,15
3/5/2019 19:36,15
3/5/2019 19:36,62
3/5/2019 19:36,62
3/5/2019 19:37,15
3/5/2019 19:37,15
3/5/2019 19:37,15
3/5/2019 19:37,46
3/5/2019 19:37,0
3/5/2019 19:37,31
3/5/2019 19:37,31
3/5/2019 19:37,15
3/5/2019 19:37,15
3/5/2019 19:37,15
3/5/2019 19:37,15
3/5/2019 19:37,687
3/5/2019 19:37,62
3/5/2019 19:38,15
3/5/2019 19:38,31
3/5/2019 19:38,0
3/5/2019 19:38,15
3/5/2019 19:38,62
3/5/2019 19:38,140
3/5/2019 19:39,484
3/5/2019 19:39,500
3/5/2019 19:39,31
3/5/2019 19:39,15
3/5/2019 19:39,46
3/5/2019 19:39,0
3/5/2019 19:40,15
3/5/2019 19:40,15
3/5/2019 19:40,15
3/5/2019 19:40,109
3/5/2019 19:40,31
3/5/2019 19:40,31
3/5/2019 19:40,218
3/5/2019 19:41,15
3/5/2019 19:41,15
3/5/2019 19:41,31
3/5/2019 19:42,156
3/5/2019 19:48,796
3/5/2019 19:50,15
3/5/2019 19:50,15
3/5/2019 19:50,15
3/5/2019 19:50,62
3/5/2019 19:51,124
3/5/2019 19:51,15
3/5/2019 19:51,0
3/5/2019 19:51,15
3/5/2019 19:52,15
3/5/2019 19:52,62
3/5/2019 19:53,15
3/5/2019 19:53,15
3/5/2019 19:53,15
3/5/2019 19:53,0
3/5/2019 19:53,31
3/5/2019 19:53,15
3/5/2019 19:53,31
3/5/2019 19:53,31
3/5/2019 19:53,93
3/5/2019 19:53,0
3/5/2019 19:53,187
3/5/2019 19:53,15
3/5/2019 19:53,1046
3/5/2019 19:53,0
3/5/2019 19:53,0
3/5/2019 19:53,15
3/5/2019 19:53,15
3/5/2019 19:53,312
3/5/2019 19:53,15
3/5/2019 19:53,15
3/5/2019 19:54,0
3/5/2019 19:54,15
3/5/2019 19:54,15
3/5/2019 19:54,15
3/5/2019 19:54,250
3/5/2019 19:54,15
3/5/2019 19:54,31
3/5/2019 19:56,1187
3/5/2019 19:56,1359
3/5/2019 19:56,500
3/5/2019 19:56,15
3/5/2019 19:56,15
3/5/2019 19:56,15
3/5/2019 19:56,15
3/5/2019 19:57,15
3/5/2019 19:57,15
3/5/2019 19:58,15
3/5/2019 19:58,187
3/5/2019 19:58,140
3/5/2019 19:58,15
3/5/2019 19:58,15
3/5/2019 19:58,625
3/5/2019 20:10,515
3/5/2019 20:10,15
3/5/2019 20:10,828
3/5/2019 20:10,703
3/5/2019 20:10,15
3/5/2019 20:15,0
3/5/2019 20:15,0
3/5/2019 20:15,31
3/5/2019 20:15,62
3/5/2019 20:15,921
3/5/2019 20:30,93
3/5/2019 20:30,296
3/5/2019 20:30,31
3/5/2019 20:30,15
3/5/2019 20:30,62
3/5/2019 20:30,437
3/5/2019 20:30,531
3/5/2019 20:31,15
3/5/2019 20:31,31
3/5/2019 20:31,15
3/5/2019 20:31,15
3/5/2019 20:31,15
3/5/2019 20:31,859
3/5/2019 20:46,31
3/5/2019 20:46,93
3/5/2019 20:46,0
3/5/2019 20:47,15
3/5/2019 20:47,0
3/5/2019 20:47,15
3/5/2019 20:47,31
3/5/2019 20:47,46
3/5/2019 20:47,0
3/5/2019 20:47,15
3/5/2019 20:47,0
3/5/2019 20:47,15
3/5/2019 20:47,31
3/5/2019 20:47,15
3/5/2019 20:47,15
3/5/2019 20:47,234
3/5/2019 20:47,203
3/5/2019 20:47,15
3/5/2019 20:47,15
3/5/2019 20:48,15
3/5/2019 20:48,31
3/5/2019 20:48,31
3/5/2019 20:48,46
3/5/2019 20:48,31
3/5/2019 20:48,31
3/5/2019 20:48,31
3/5/2019 20:48,15
3/5/2019 20:49,15
3/5/2019 20:49,15
3/5/2019 20:49,0
3/5/2019 20:49,0
3/5/2019 20:49,0
3/5/2019 20:49,0
3/5/2019 20:49,593
3/5/2019 20:49,828
3/5/2019 20:49,15
3/5/2019 20:49,15
3/5/2019 20:49,1078
3/5/2019 20:49,62
3/5/2019 20:49,15
3/5/2019 20:49,78
3/5/2019 20:49,15
3/5/2019 20:49,109
3/5/2019 20:49,15
3/5/2019 20:49,15
3/5/2019 20:50,15
3/5/2019 20:50,15
3/5/2019 20:50,15
3/5/2019 20:50,0
3/5/2019 20:50,15
3/5/2019 20:50,46
3/5/2019 20:50,15
3/5/2019 20:50,31
3/5/2019 20:50,31
3/5/2019 20:51,15
3/5/2019 20:51,15
3/5/2019 20:51,15
3/5/2019 20:51,0
3/5/2019 20:51,734
3/5/2019 20:51,968
3/5/2019 20:51,0
3/5/2019 20:51,15
3/5/2019 20:51,15
3/5/2019 20:51,15
3/5/2019 20:51,0
3/5/2019 20:51,1093
3/5/2019 20:51,140
3/5/2019 20:51,140
3/5/2019 20:51,15
3/5/2019 20:51,15
3/5/2019 20:51,31
3/5/2019 20:51,15
3/5/2019 20:51,31
3/5/2019 20:51,15
3/5/2019 20:51,15
3/5/2019 20:51,15
3/5/2019 20:51,0
3/5/2019 20:51,15
3/5/2019 20:52,1000
3/5/2019 20:53,0
3/5/2019 20:53,62
3/5/2019 20:53,31
3/5/2019 20:53,15
3/5/2019 20:53,1046
3/5/2019 20:53,31
3/5/2019 20:54,0
3/5/2019 20:54,15
3/5/2019 20:54,0
3/5/2019 20:54,0
3/5/2019 20:54,46
3/5/2019 20:54,31
3/5/2019 20:54,0
3/5/2019 20:55,15
3/5/2019 20:55,15
3/5/2019 20:55,46
3/5/2019 20:55,78
3/5/2019 20:55,31
3/5/2019 20:55,0
3/5/2019 20:55,15
3/5/2019 20:55,15
3/5/2019 20:55,15
3/5/2019 20:56,31
3/5/2019 20:56,15
3/5/2019 20:56,31
3/5/2019 20:56,62
3/5/2019 20:57,15
3/5/2019 20:57,15
3/5/2019 20:57,0
3/5/2019 20:57,15
3/5/2019 20:57,15
3/5/2019 20:57,15
3/5/2019 20:58,0
3/5/2019 20:58,0
3/5/2019 20:58,15
3/5/2019 20:59,31
3/5/2019 20:59,15
3/5/2019 20:59,15
3/5/2019 20:59,46
3/5/2019 20:59,62
3/5/2019 20:59,687
3/5/2019 21:00,375
3/5/2019 21:00,15
3/5/2019 21:01,62
3/5/2019 21:01,15
3/5/2019 21:01,15
3/5/2019 21:01,31
3/5/2019 21:01,15
3/5/2019 21:01,78
3/5/2019 21:01,15
3/5/2019 21:01,62
3/5/2019 21:02,15
3/5/2019 21:02,15
3/5/2019 21:02,31
3/5/2019 21:03,171
3/5/2019 21:03,109
3/5/2019 21:03,0
3/5/2019 21:03,62
3/5/2019 21:03,62
3/5/2019 21:03,31
3/5/2019 21:03,15
3/5/2019 21:03,46
3/5/2019 21:03,46
3/5/2019 21:03,46
3/5/2019 21:04,31
3/5/2019 21:04,62
3/5/2019 21:04,15
3/5/2019 21:04,31
3/5/2019 21:04,62
3/5/2019 21:04,15
3/5/2019 21:04,15
3/5/2019 21:04,15
3/5/2019 21:04,46
3/5/2019 21:04,31
3/5/2019 21:05,46
3/5/2019 21:05,31
3/5/2019 21:05,0
3/5/2019 21:05,265
3/5/2019 21:05,250
3/5/2019 21:05,15
3/5/2019 21:05,15
3/5/2019 21:05,0
3/5/2019 21:05,0
3/5/2019 21:05,15
3/5/2019 21:05,31
3/5/2019 21:05,31
3/5/2019 21:05,31
3/5/2019 21:06,156
3/5/2019 21:06,15
3/5/2019 21:06,15
3/5/2019 21:06,31
3/5/2019 21:06,0
3/5/2019 21:06,31
3/5/2019 21:06,531
3/5/2019 21:07,31
3/5/2019 21:07,46
3/5/2019 21:07,31
3/5/2019 21:07,62
3/5/2019 21:07,31
3/5/2019 21:07,15
3/5/2019 21:07,968
3/5/2019 21:07,46
3/5/2019 21:07,1406
3/5/2019 21:08,15
3/5/2019 21:08,0
3/5/2019 21:08,0
3/5/2019 21:08,15
3/5/2019 21:08,31
3/5/2019 21:08,31
3/5/2019 21:08,15
3/5/2019 21:08,0
3/5/2019 21:08,15
3/5/2019 21:08,0
3/5/2019 21:08,562
3/5/2019 21:08,31
3/5/2019 21:08,62
3/5/2019 21:08,46
3/5/2019 21:09,15
3/5/2019 21:09,31
3/5/2019 21:09,15
3/5/2019 21:09,15
3/5/2019 21:09,15
3/5/2019 21:09,15
3/5/2019 21:09,31
3/5/2019 21:09,15
3/5/2019 21:09,15
3/5/2019 21:10,46
3/5/2019 21:10,46
3/5/2019 21:10,31
3/5/2019 21:10,62
3/5/2019 21:10,15
3/5/2019 21:10,31
3/5/2019 21:11,46
3/5/2019 21:11,1312
3/5/2019 21:11,15
3/5/2019 21:11,343
3/5/2019 21:11,390
3/5/2019 21:11,31
3/5/2019 21:11,15
3/5/2019 21:11,46
3/5/2019 21:11,31
3/5/2019 21:12,46
3/5/2019 21:12,31
3/5/2019 21:12,31
3/5/2019 21:12,15
3/5/2019 21:12,78
3/5/2019 21:12,15
3/5/2019 21:12,15
3/5/2019 21:12,15
3/5/2019 21:12,0
3/5/2019 21:13,46
3/5/2019 21:13,62
3/5/2019 21:13,62
3/5/2019 21:13,31
3/5/2019 21:13,46
3/5/2019 21:13,46
3/5/2019 21:13,62
3/5/2019 21:13,31
3/5/2019 21:13,46
3/5/2019 21:14,62
3/5/2019 21:14,0
3/5/2019 21:14,15
3/5/2019 21:14,15
3/5/2019 21:14,31
3/5/2019 21:14,31
3/5/2019 21:14,15
3/5/2019 21:14,1171
3/5/2019 21:14,31
3/5/2019 21:15,15
3/5/2019 21:15,15
3/5/2019 21:15,1015
3/5/2019 21:16,62
3/5/2019 21:16,62
3/5/2019 21:16,31
3/5/2019 21:16,15
3/5/2019 21:16,0
3/5/2019 21:16,15
3/5/2019 21:16,31
3/5/2019 21:17,62
3/5/2019 21:17,62
3/5/2019 21:17,15
3/5/2019 21:17,15
3/5/2019 21:17,0
3/5/2019 21:17,15
3/5/2019 21:17,171
3/5/2019 21:17,234
3/5/2019 21:17,31
3/5/2019 21:17,15
3/5/2019 21:17,15
3/5/2019 21:17,0
3/5/2019 21:17,15
3/5/2019 21:17,31
3/5/2019 21:18,781
3/5/2019 21:18,781
3/5/2019 21:18,46
3/5/2019 21:18,15
3/5/2019 21:18,15
3/5/2019 21:18,15
3/5/2019 21:18,15
3/5/2019 21:18,15
3/5/2019 21:19,15
3/5/2019 21:40,46
3/5/2019 21:40,31
3/5/2019 21:40,15
3/5/2019 21:40,15
3/5/2019 21:41,15
3/5/2019 21:41,46
3/5/2019 21:41,15
3/5/2019 21:41,0
3/5/2019 22:22,875
3/5/2019 22:22,31
3/5/2019 22:22,31
3/5/2019 22:22,15
3/5/2019 22:22,15
3/5/2019 22:22,15
3/5/2019 22:23,31
3/5/2019 22:23,78
3/5/2019 22:23,15
3/5/2019 22:23,31
3/5/2019 22:25,15
3/5/2019 22:25,78
3/5/2019 22:25,15
3/5/2019 22:25,31
3/5/2019 22:28,15
3/5/2019 22:28,0
3/5/2019 22:28,0
3/5/2019 22:28,15
3/5/2019 22:42,15
3/5/2019 22:42,15
3/5/2019 22:42,15
3/5/2019 22:42,15
3/5/2019 22:56,109
3/5/2019 23:11,1390
3/5/2019 23:12,31
3/5/2019 23:12,15
3/5/2019 23:12,15
3/5/2019 23:12,0
3/5/2019 23:12,31
3/5/2019 23:13,15
3/5/2019 23:15,46
3/5/2019 23:15,31
3/5/2019 23:26,46
3/5/2019 23:26,15
3/5/2019 23:26,15
3/5/2019 23:26,687
3/5/2019 23:27,500
3/5/2019 23:27,15
3/5/2019 23:27,0
3/5/2019 23:27,62
3/5/2019 23:27,15
3/5/2019 23:27,437
3/5/2019 23:27,15
3/5/2019 23:44,46
3/5/2019 23:44,15
3/5/2019 23:44,15
3/5/2019 23:44,31
3/5/2019 23:44,0
3/5/2019 23:44,62
3/5/2019 23:44,31
3/5/2019 23:44,15
3/6/2019 0:44,187
3/6/2019 0:44,218
3/6/2019 0:44,0
3/6/2019 0:44,46
3/6/2019 0:44,31
3/6/2019 0:49,15
3/6/2019 1:19,31
3/6/2019 1:19,31
3/6/2019 1:19,15
3/6/2019 1:19,15
3/6/2019 1:19,1421
3/6/2019 1:20,62
3/6/2019 1:21,453
3/6/2019 1:27,15
3/6/2019 1:27,0
3/6/2019 1:27,15
3/6/2019 1:27,15
3/6/2019 1:27,15
3/6/2019 1:27,46
3/6/2019 1:27,78
3/6/2019 1:27,31
3/6/2019 1:29,0
3/6/2019 1:29,15
3/6/2019 1:29,203
3/6/2019 1:29,15
3/6/2019 1:29,15
3/6/2019 1:29,0
3/6/2019 1:29,15
3/6/2019 1:29,15
3/6/2019 1:29,15
3/6/2019 1:29,31
3/6/2019 1:29,15
3/6/2019 1:29,15
3/6/2019 1:29,1546
3/6/2019 1:29,1218
3/6/2019 1:29,46
3/6/2019 1:29,484
3/6/2019 1:30,15
3/6/2019 1:30,15
3/6/2019 1:30,0
3/6/2019 1:31,250
3/6/2019 1:31,234
3/6/2019 1:31,15
3/6/2019 1:31,31
3/6/2019 1:31,93
3/6/2019 1:31,31
3/6/2019 1:36,0
3/6/2019 1:36,15
3/6/2019 1:36,0
3/6/2019 1:38,0
3/6/2019 1:38,1109
3/6/2019 1:38,15
3/6/2019 1:38,15
3/6/2019 1:38,156
3/6/2019 1:38,31
3/6/2019 1:38,15
3/6/2019 1:39,0
3/6/2019 1:39,31
3/6/2019 1:39,0
3/6/2019 1:39,15
3/6/2019 1:39,78
3/6/2019 1:39,15
3/6/2019 1:39,0
3/6/2019 1:39,15
3/6/2019 1:40,46
3/6/2019 1:40,15
3/6/2019 1:40,15
3/6/2019 1:40,31
3/6/2019 1:40,31
3/6/2019 1:40,15
3/6/2019 1:40,15
3/6/2019 1:40,15
3/6/2019 1:40,62
3/6/2019 1:40,15
3/6/2019 1:40,31
3/6/2019 1:50,46
3/6/2019 1:50,46
3/6/2019 1:50,15
3/6/2019 1:50,46
3/6/2019 1:50,46
3/6/2019 1:50,15
3/6/2019 1:50,15
3/6/2019 1:50,15
3/6/2019 1:51,15
3/6/2019 1:51,0
3/6/2019 1:51,15
3/6/2019 1:51,1500
3/6/2019 1:51,0
3/6/2019 1:51,15
3/6/2019 1:51,31
3/6/2019 1:51,187
3/6/2019 1:51,203
3/6/2019 1:51,31
3/6/2019 1:51,62
3/6/2019 1:51,140
3/6/2019 1:51,0
3/6/2019 1:52,15
3/6/2019 1:52,1093
3/6/2019 1:52,31
3/6/2019 1:52,31
3/6/2019 1:52,31
3/6/2019 1:52,15
3/6/2019 1:53,359
3/6/2019 1:57,625
3/6/2019 1:57,15
3/6/2019 1:57,15
3/6/2019 1:59,15
3/6/2019 1:59,2718
3/6/2019 1:59,0
3/6/2019 1:59,31
3/6/2019 1:59,0
3/6/2019 2:09,0
3/6/2019 2:09,1890
3/6/2019 2:09,1937
3/6/2019 2:09,31
3/6/2019 2:09,1031
3/6/2019 2:11,15
3/6/2019 2:11,15
3/6/2019 2:11,15
3/6/2019 2:11,0
3/6/2019 2:11,31
3/6/2019 2:11,1781
3/6/2019 2:11,15
3/6/2019 2:13,687
3/6/2019 2:14,15
3/6/2019 2:14,15
3/6/2019 2:14,1046
3/6/2019 2:14,46
3/6/2019 2:14,15
3/6/2019 2:14,15
3/6/2019 2:14,203
3/6/2019 2:15,843
3/6/2019 2:15,15
3/6/2019 2:15,15
3/6/2019 2:15,31
3/6/2019 2:15,15
3/6/2019 2:15,15
3/6/2019 2:15,15
3/6/2019 2:16,15
3/6/2019 2:16,15
3/6/2019 2:16,15
3/6/2019 2:16,15
3/6/2019 2:16,46
3/6/2019 2:16,15
3/6/2019 2:16,15
3/6/2019 2:16,296
3/6/2019 2:17,46
3/6/2019 2:17,15
3/6/2019 2:17,15
3/6/2019 2:19,312
3/6/2019 2:19,140
3/6/2019 2:19,31
3/6/2019 2:19,15
3/6/2019 2:19,15
3/6/2019 2:19,46
3/6/2019 2:19,15
3/6/2019 2:19,1890
3/6/2019 2:19,0
3/6/2019 2:19,31
3/6/2019 2:19,765
3/6/2019 2:19,703
3/6/2019 2:19,62
3/6/2019 2:20,0
3/6/2019 2:21,15
3/6/2019 2:21,15
3/6/2019 2:21,15
3/6/2019 2:21,0
3/6/2019 2:21,31
3/6/2019 2:21,343
3/6/2019 2:21,453
3/6/2019 2:21,31
3/6/2019 2:22,1453
3/6/2019 2:22,15
3/6/2019 2:22,156
3/6/2019 2:22,15
3/6/2019 2:23,15
3/6/2019 2:23,62
3/6/2019 2:23,0
3/6/2019 2:23,62
3/6/2019 2:23,31
3/6/2019 2:24,15
3/6/2019 2:24,0
3/6/2019 2:24,390
3/6/2019 2:24,46
3/6/2019 2:24,578
3/6/2019 2:24,31
3/6/2019 2:24,46
3/6/2019 2:25,31
3/6/2019 2:25,62
3/6/2019 2:32,15
3/6/2019 2:33,15
3/6/2019 2:33,15
3/6/2019 2:33,15
3/6/2019 2:34,15
3/6/2019 2:35,31
3/6/2019 2:35,15
3/6/2019 2:35,15
3/6/2019 2:35,15
3/6/2019 2:35,31
3/6/2019 2:35,1296
3/6/2019 2:35,421
3/6/2019 2:35,343
3/6/2019 2:35,0
3/6/2019 2:35,609
3/6/2019 2:36,15
3/6/2019 2:36,62
3/6/2019 2:36,46
3/6/2019 2:36,0
3/6/2019 2:36,15
3/6/2019 2:36,46
3/6/2019 2:37,15
3/6/2019 2:37,62
3/6/2019 2:45,15
3/6/2019 2:45,46
3/6/2019 2:45,31
3/6/2019 2:45,31
3/6/2019 3:49,15
3/6/2019 3:49,62
3/6/2019 3:49,62
3/6/2019 3:50,31
3/6/2019 3:51,62
3/6/2019 3:52,15
3/6/2019 3:52,15
3/6/2019 3:52,31
3/6/2019 3:52,46
3/6/2019 3:52,46
3/6/2019 3:52,15
3/6/2019 3:52,515
3/6/2019 3:52,62
3/6/2019 3:52,437
3/6/2019 3:52,46
3/6/2019 3:52,31
3/6/2019 3:52,15
3/6/2019 3:52,15
3/6/2019 3:52,0
3/6/2019 3:53,46
3/6/2019 3:53,62
3/6/2019 3:53,31
3/6/2019 3:53,46
3/6/2019 3:53,46
3/6/2019 3:53,15
3/6/2019 3:53,1015
3/6/2019 3:53,31
3/6/2019 3:53,1093
3/6/2019 3:53,78
3/6/2019 3:53,46
3/6/2019 3:53,31
3/6/2019 3:53,46
3/6/2019 3:53,31
3/6/2019 3:53,15
3/6/2019 3:53,15
3/6/2019 3:53,15
3/6/2019 3:54,15
3/6/2019 3:54,0
3/6/2019 3:54,15
3/6/2019 3:54,0
3/6/2019 3:54,15
3/6/2019 3:54,15
3/6/2019 3:54,15
3/6/2019 3:54,0
3/6/2019 3:54,15
3/6/2019 3:54,0
3/6/2019 3:54,15
3/6/2019 3:54,0
3/6/2019 3:54,15
3/6/2019 4:01,0
3/6/2019 4:01,0
3/6/2019 4:01,0
3/6/2019 4:01,15
3/6/2019 4:01,15
3/6/2019 4:01,203
3/6/2019 4:01,250
3/6/2019 4:01,31
3/6/2019 4:01,15
3/6/2019 4:01,15
3/6/2019 4:02,15
3/6/2019 4:02,15
3/6/2019 4:02,1843
3/6/2019 4:02,15
3/6/2019 4:02,15
3/6/2019 4:02,406
3/6/2019 4:02,390
3/6/2019 4:02,500
3/6/2019 4:02,296
3/6/2019 4:02,31
3/6/2019 4:02,31
3/6/2019 4:02,15
3/6/2019 4:02,62
3/6/2019 4:02,46
3/6/2019 4:02,15
3/6/2019 4:02,15
3/6/2019 4:05,15
3/6/2019 4:05,15
3/6/2019 4:05,296
3/6/2019 4:05,15
3/6/2019 4:05,15
3/6/2019 4:05,1812
3/6/2019 4:05,15
3/6/2019 4:05,140
3/6/2019 4:06,624
3/6/2019 4:06,406
3/6/2019 4:06,31
3/6/2019 4:06,15
3/6/2019 4:06,156
3/6/2019 4:06,15
3/6/2019 4:06,15
3/6/2019 4:06,593
3/6/2019 4:06,15
3/6/2019 4:06,15
3/6/2019 4:06,0
3/6/2019 4:06,15
3/6/2019 4:06,15
3/6/2019 4:06,62
3/6/2019 4:06,0
3/6/2019 4:06,437
3/6/2019 4:06,281
3/6/2019 4:06,0
3/6/2019 4:06,62
3/6/2019 4:06,0
3/6/2019 4:07,15
3/6/2019 7:25,15
3/6/2019 7:25,31
3/6/2019 7:25,15
3/6/2019 7:25,15
3/6/2019 7:27,796
3/6/2019 7:27,843
3/6/2019 7:27,15
3/6/2019 7:27,46
3/6/2019 7:27,15
3/6/2019 7:27,15
3/6/2019 7:27,15
3/6/2019 7:27,15
3/6/2019 7:28,62
3/6/2019 7:28,62
3/6/2019 7:28,31
3/6/2019 7:28,62
3/6/2019 7:28,15
3/6/2019 7:28,625
3/6/2019 7:31,31
3/6/2019 7:31,31
3/6/2019 7:31,15
3/6/2019 7:31,0
3/6/2019 7:31,2515
3/6/2019 7:31,15
3/6/2019 7:33,171
3/6/2019 8:29,0
3/6/2019 8:29,15
3/6/2019 8:29,15
3/6/2019 8:29,31
3/6/2019 8:29,15
3/6/2019 8:30,109
3/6/2019 8:30,546
3/6/2019 8:30,15
3/6/2019 8:30,15
3/6/2019 8:31,578
3/6/2019 8:31,734
3/6/2019 8:31,15
3/6/2019 8:31,0
3/6/2019 8:32,15
3/6/2019 8:32,2890
3/6/2019 8:32,62
3/6/2019 8:44,406
3/6/2019 8:44,31
3/6/2019 8:44,31
3/6/2019 8:44,265
3/6/2019 8:44,156
3/6/2019 8:44,31
3/6/2019 8:44,31
3/6/2019 8:44,31
3/6/2019 8:44,609
3/6/2019 8:59,359
3/6/2019 8:59,171
3/6/2019 8:59,15
3/6/2019 8:59,281
3/6/2019 8:59,234
3/6/2019 8:59,468
3/6/2019 9:12,124
3/6/2019 9:12,187
3/6/2019 9:12,15
3/6/2019 9:13,31
3/6/2019 9:32,140
3/6/2019 9:32,93
3/6/2019 9:32,46
3/6/2019 9:32,15
3/6/2019 9:33,15
3/6/2019 9:33,31
3/6/2019 9:33,46
3/6/2019 9:33,15
3/6/2019 9:35,46
3/6/2019 9:35,31
3/6/2019 9:35,0
3/6/2019 9:35,15
3/6/2019 9:40,31
3/6/2019 9:42,249
3/6/2019 9:42,62
3/6/2019 9:42,15
3/6/2019 9:43,93
3/6/2019 9:44,2906
3/6/2019 9:44,62
3/6/2019 9:44,3000
3/6/2019 9:44,78
3/6/2019 9:47,62
3/6/2019 9:47,78
3/6/2019 9:47,15
3/6/2019 9:47,15
3/6/2019 9:47,15
3/6/2019 9:47,46
3/6/2019 9:47,78
3/6/2019 9:47,15
3/6/2019 9:48,0
3/6/2019 9:52,1265
3/6/2019 9:52,1281
3/6/2019 9:52,31
3/6/2019 9:52,31
3/6/2019 9:53,46
3/6/2019 9:53,15
3/6/2019 9:53,62
3/6/2019 9:53,15
3/6/2019 9:54,140
3/6/2019 9:55,78
3/6/2019 9:55,31
3/6/2019 9:55,15
3/6/2019 9:55,46
3/6/2019 9:55,31
3/6/2019 9:55,140
3/6/2019 9:55,31
3/6/2019 9:57,46
3/6/2019 9:57,15
3/6/2019 9:57,31
3/6/2019 9:57,46
3/6/2019 9:57,62
3/6/2019 9:57,156
3/6/2019 9:57,250
3/6/2019 9:57,78
3/6/2019 9:57,46
3/6/2019 9:58,46
3/6/2019 9:58,281
3/6/2019 9:58,31
3/6/2019 9:58,15
3/6/2019 9:58,62
3/6/2019 9:58,31
3/6/2019 9:58,78
3/6/2019 9:58,15
3/6/2019 9:58,78
3/6/2019 9:58,15
3/6/2019 9:58,62
3/6/2019 9:58,62
3/6/2019 9:58,15
3/6/2019 9:58,78
3/6/2019 9:58,31
3/6/2019 9:58,15
3/6/2019 9:58,15
3/6/2019 9:58,140
3/6/2019 9:58,0
3/6/2019 9:58,31
3/6/2019 10:00,625
3/6/2019 10:00,609
3/6/2019 10:00,31
3/6/2019 10:00,15
3/6/2019 10:00,15
3/6/2019 10:01,0
3/6/2019 10:01,46
3/6/2019 10:01,62
3/6/2019 10:01,2625
3/6/2019 10:02,15
3/6/2019 10:02,15
3/6/2019 10:02,15
3/6/2019 10:02,31
3/6/2019 10:02,15
3/6/2019 10:02,0
3/6/2019 10:02,15
3/6/2019 10:02,15
3/6/2019 10:04,15
3/6/2019 10:04,1437
3/6/2019 10:04,0
3/6/2019 10:04,15
3/6/2019 10:04,890
3/6/2019 10:05,62
3/6/2019 10:05,31
3/6/2019 10:05,31
3/6/2019 10:05,15
3/6/2019 10:05,15
3/6/2019 10:05,31
3/6/2019 10:05,31
3/6/2019 10:05,15
3/6/2019 10:05,15
3/6/2019 10:09,15
3/6/2019 10:09,62
3/6/2019 10:09,15
3/6/2019 10:09,156
3/6/2019 10:09,15
3/6/2019 10:09,46
3/6/2019 10:09,31
3/6/2019 10:09,31
3/6/2019 10:09,1890
3/6/2019 10:10,15
3/6/2019 10:10,453
3/6/2019 10:10,718
3/6/2019 10:10,15
3/6/2019 10:10,78
3/6/2019 10:10,546
3/6/2019 10:11,546
3/6/2019 10:12,31
3/6/2019 10:16,31
3/6/2019 10:16,15
3/6/2019 10:16,31
3/6/2019 10:16,46
3/6/2019 10:16,15
3/6/2019 10:16,46
3/6/2019 10:16,15
3/6/2019 10:16,156
3/6/2019 10:16,78
3/6/2019 10:16,15
3/6/2019 10:19,93
3/6/2019 10:19,93
3/6/2019 10:19,31
3/6/2019 10:19,15
3/6/2019 10:20,15
3/6/2019 10:20,15
3/6/2019 10:20,0
3/6/2019 10:20,31
3/6/2019 10:24,2203
3/6/2019 10:24,2218
3/6/2019 10:24,15
3/6/2019 10:25,15
3/6/2019 10:26,31
3/6/2019 10:26,31
3/6/2019 10:26,0
3/6/2019 10:26,15
3/6/2019 10:27,171
3/6/2019 10:27,3250
3/6/2019 10:28,0
3/6/2019 10:28,0
3/6/2019 10:28,15
3/6/2019 10:28,0
3/6/2019 10:28,0
3/6/2019 10:28,15
3/6/2019 10:28,15
3/6/2019 10:29,62
3/6/2019 10:29,78
3/6/2019 10:31,125
3/6/2019 10:31,171
3/6/2019 10:31,2640
3/6/2019 10:31,15
3/6/2019 10:31,2593
3/6/2019 10:31,15
3/6/2019 10:31,15
3/6/2019 10:31,31
3/6/2019 10:31,15
3/6/2019 10:31,93
3/6/2019 10:31,328
3/6/2019 10:31,312
3/6/2019 10:31,187
3/6/2019 10:32,93
3/6/2019 10:32,31
3/6/2019 10:32,15
3/6/2019 10:32,15
3/6/2019 10:32,31
3/6/2019 10:36,46
3/6/2019 10:36,46
3/6/2019 10:36,31
3/6/2019 10:36,62
3/6/2019 10:36,531
3/6/2019 10:36,31
3/6/2019 10:36,203
3/6/2019 10:37,15
3/6/2019 10:38,671
3/6/2019 10:38,984
3/6/2019 10:38,187
3/6/2019 10:38,31
3/6/2019 10:38,62
3/6/2019 10:38,31
3/6/2019 10:38,578
3/6/2019 10:38,1015
3/6/2019 10:38,609
3/6/2019 10:39,31
3/6/2019 10:39,0
3/6/2019 10:39,15
3/6/2019 10:39,15
3/6/2019 10:39,15
3/6/2019 10:39,1437
3/6/2019 10:39,1125
3/6/2019 10:39,46
3/6/2019 10:43,31
3/6/2019 10:43,46
3/6/2019 10:43,15
3/6/2019 10:43,31
3/6/2019 10:43,78
3/6/2019 10:44,15
3/6/2019 10:44,78
3/6/2019 10:44,62
3/6/2019 10:44,31
3/6/2019 10:44,31
3/6/2019 10:44,15
3/6/2019 10:44,15
3/6/2019 10:45,156
3/6/2019 10:45,187
3/6/2019 10:45,15
3/6/2019 10:45,78
3/6/2019 10:46,15
3/6/2019 10:46,15
3/6/2019 10:46,0
3/6/2019 10:46,15
3/6/2019 10:51,281
3/6/2019 10:51,250
3/6/2019 10:51,46
3/6/2019 10:51,46
3/6/2019 11:07,125
3/6/2019 11:07,234
3/6/2019 11:07,234
3/6/2019 11:07,46
3/6/2019 11:08,93
3/6/2019 11:08,906
3/6/2019 11:08,15
3/6/2019 11:08,46
3/6/2019 11:08,281
3/6/2019 11:09,234
3/6/2019 11:09,703
3/6/2019 11:09,31
3/6/2019 11:09,15
3/6/2019 11:09,15
3/6/2019 11:09,249
3/6/2019 11:12,15
3/6/2019 11:12,31
3/6/2019 11:12,15
3/6/2019 11:12,15
3/6/2019 11:12,15
3/6/2019 11:12,0
3/6/2019 11:12,15
3/6/2019 11:12,93
3/6/2019 11:13,406
3/6/2019 11:13,421
3/6/2019 11:13,15
3/6/2019 11:13,15
3/6/2019 11:13,15
3/6/2019 11:13,62
3/6/2019 11:13,281
3/6/2019 11:15,46
3/6/2019 11:16,15
3/6/2019 11:16,15
3/6/2019 11:16,46
3/6/2019 11:16,15
3/6/2019 11:16,156
3/6/2019 11:16,1125
3/6/2019 11:18,15
3/6/2019 11:18,15
3/6/2019 11:22,31
3/6/2019 11:22,15
3/6/2019 11:22,31
3/6/2019 11:22,15
3/6/2019 11:23,15
3/6/2019 11:24,15
3/6/2019 11:24,78
3/6/2019 11:24,46
3/6/2019 11:24,328
3/6/2019 11:26,0
3/6/2019 11:26,15
3/6/2019 11:26,15
3/6/2019 11:26,0
3/6/2019 11:26,15
3/6/2019 11:26,4203
3/6/2019 11:28,562
3/6/2019 11:28,250
3/6/2019 11:28,15
3/6/2019 11:28,31
3/6/2019 11:28,15
3/6/2019 11:28,1640
3/6/2019 11:29,62
3/6/2019 11:29,46
3/6/2019 11:29,15
3/6/2019 11:29,0
3/6/2019 11:30,296
3/6/2019 11:30,328
3/6/2019 11:30,15
3/6/2019 11:30,0
3/6/2019 11:30,31
3/6/2019 11:32,562
3/6/2019 11:32,703
3/6/2019 11:32,109
3/6/2019 11:32,78
3/6/2019 11:32,1531
3/6/2019 11:34,62
3/6/2019 11:34,93
3/6/2019 11:34,31
3/6/2019 11:34,1562
3/6/2019 11:34,62
3/6/2019 11:34,15
3/6/2019 11:34,15
3/6/2019 11:34,62
3/6/2019 11:34,156
3/6/2019 11:35,31
3/6/2019 11:35,0
3/6/2019 11:35,156
3/6/2019 11:35,203
3/6/2019 11:35,15
3/6/2019 11:35,78
3/6/2019 11:35,31
3/6/2019 11:35,0
3/6/2019 11:36,750
3/6/2019 11:36,796
3/6/2019 11:36,31
3/6/2019 11:36,0
3/6/2019 11:36,15
3/6/2019 11:36,46
3/6/2019 11:36,31
3/6/2019 11:36,93
3/6/2019 11:36,31
3/6/2019 11:36,31
3/6/2019 11:36,31
3/6/2019 11:49,62
3/6/2019 11:49,31
3/6/2019 11:49,31
3/6/2019 11:49,31
3/6/2019 11:49,281
3/6/2019 11:49,31
3/6/2019 11:50,15
3/6/2019 11:54,593
3/6/2019 11:57,203
3/6/2019 11:57,171
3/6/2019 11:57,15
3/6/2019 11:57,46
3/6/2019 11:57,109
3/6/2019 11:57,140
3/6/2019 11:57,15
3/6/2019 11:58,15
3/6/2019 11:58,15
3/6/2019 11:58,15
3/6/2019 11:58,0
3/6/2019 11:58,15
3/6/2019 11:58,0
3/6/2019 11:58,31
3/6/2019 11:58,15
3/6/2019 11:59,0
3/6/2019 11:59,15
3/6/2019 11:59,78
3/6/2019 11:59,31
3/6/2019 12:00,0
3/6/2019 12:00,15
3/6/2019 12:00,0
3/6/2019 12:00,46
3/6/2019 12:00,609
3/6/2019 12:00,875
3/6/2019 12:00,0
3/6/2019 12:16,140
3/6/2019 12:16,1046
3/6/2019 12:16,0
3/6/2019 12:16,15
3/6/2019 12:16,0
3/6/2019 12:16,15
3/6/2019 12:16,46
3/6/2019 12:16,0
3/6/2019 12:16,15
3/6/2019 12:16,78
3/6/2019 12:17,15
3/6/2019 12:17,15
3/6/2019 12:17,31
3/6/2019 12:17,78
3/6/2019 12:17,281
3/6/2019 12:18,15
3/6/2019 12:18,375
3/6/2019 12:18,625
3/6/2019 12:18,46
3/6/2019 12:18,62
3/6/2019 12:18,15
3/6/2019 12:18,15
3/6/2019 12:18,15
3/6/2019 12:18,15
3/6/2019 12:19,296
3/6/2019 12:19,250
3/6/2019 12:19,15
3/6/2019 12:19,15
3/6/2019 12:19,15
3/6/2019 12:20,703
3/6/2019 12:20,703
3/6/2019 12:20,15
3/6/2019 12:20,31
3/6/2019 12:20,296
3/6/2019 12:20,15
3/6/2019 12:21,187
3/6/2019 12:21,140
3/6/2019 12:21,218
3/6/2019 12:21,93
3/6/2019 12:24,2781
3/6/2019 12:24,2843
3/6/2019 12:24,1062
3/6/2019 12:24,78
3/6/2019 12:24,93
3/6/2019 12:24,140
3/6/2019 12:25,2437
3/6/2019 12:25,140
3/6/2019 12:25,2749
3/6/2019 12:25,93
3/6/2019 12:25,3906
3/6/2019 12:25,3468
3/6/2019 12:25,62
3/6/2019 12:25,15
3/6/2019 12:25,109
3/6/2019 12:25,15
3/6/2019 12:25,15
3/6/2019 12:25,0
3/6/2019 12:25,1515
3/6/2019 12:25,46
3/6/2019 12:26,687
3/6/2019 12:26,781
3/6/2019 12:26,31
3/6/2019 12:26,15
3/6/2019 12:26,15
3/6/2019 12:26,31
3/6/2019 12:54,2078
3/6/2019 12:54,2062
3/6/2019 12:54,46
3/6/2019 12:54,1000
3/6/2019 12:54,31
3/6/2019 12:54,62
3/6/2019 12:54,15
3/6/2019 12:54,15
3/6/2019 12:55,15
3/6/2019 12:55,62
3/6/2019 12:55,46
3/6/2019 12:55,109
3/6/2019 12:55,31
3/6/2019 12:55,46
3/6/2019 12:55,0
3/6/2019 12:55,31
3/6/2019 13:16,93
3/6/2019 13:16,328
3/6/2019 13:16,15
3/6/2019 13:16,31
3/6/2019 13:17,219
3/6/2019 13:17,203
3/6/2019 13:17,31
3/6/2019 13:17,15
3/6/2019 13:17,46
3/6/2019 13:19,15
3/6/2019 13:19,0
3/6/2019 13:19,15
3/6/2019 13:19,15
3/6/2019 13:23,15
3/6/2019 13:23,15
3/6/2019 13:23,15
3/6/2019 13:23,0
3/6/2019 13:26,15
3/6/2019 13:26,0
3/6/2019 13:26,15
3/6/2019 13:28,15
3/6/2019 13:28,0
3/6/2019 13:28,15
3/6/2019 13:28,0
3/6/2019 13:30,15
3/6/2019 13:30,15
3/6/2019 13:30,15
3/6/2019 13:30,15
3/6/2019 13:32,15
3/6/2019 13:32,15
3/6/2019 13:32,0
3/6/2019 13:32,15
3/6/2019 13:32,15
3/6/2019 13:33,15
3/6/2019 13:33,15
3/6/2019 13:33,0
3/6/2019 13:33,0
3/6/2019 13:33,31
3/6/2019 13:33,62
3/6/2019 13:33,0
3/6/2019 13:33,62
3/6/2019 13:33,31
3/6/2019 13:33,15
3/6/2019 13:34,31
3/6/2019 13:34,15
3/6/2019 13:35,0
3/6/2019 13:35,15
3/6/2019 13:35,0
3/6/2019 13:35,15
3/6/2019 13:36,15
3/6/2019 13:36,15
3/6/2019 13:36,15
3/6/2019 13:36,62
3/6/2019 13:36,109
3/6/2019 13:36,15
3/6/2019 13:36,62
3/6/2019 13:36,46
3/6/2019 13:36,15
3/6/2019 13:36,15
3/6/2019 13:36,15
3/6/2019 13:36,46
3/6/2019 13:36,46
3/6/2019 13:36,15
3/6/2019 13:36,15
3/6/2019 13:36,15
3/6/2019 13:37,78
3/6/2019 13:37,15
3/6/2019 13:37,0
3/6/2019 13:37,15
3/6/2019 13:38,15
3/6/2019 13:38,15
3/6/2019 13:38,0
3/6/2019 13:38,78
3/6/2019 13:38,15
3/6/2019 13:38,15
3/6/2019 13:38,15
3/6/2019 13:38,0
3/6/2019 13:38,0
3/6/2019 13:38,15
